fips,county,premature_death_rate,poor_mental_health_days,preventable_hosp_rate,children_in_poverty_pct,low_birthweight_pct,year
6001.0,Alameda,4885.7,3.3,3786.0,14.3,7.2431443196,2016
6003.0,Alpine,,4.1,,28.2,,2016
6005.0,Amador,5775.7,3.5,3607.0,18.6,6.3136456212,2016
6007.0,Butte,7436.8,4.2,4629.0,24.3,5.8106294849,2016
6009.0,Calaveras,7536.8,3.5,3547.9999999999995,20.6,4.8275862069,2016
6011.0,Colusa,6254.6,4.0,5406.0,19.9,6.0478790424,2016
6013.0,Contra Costa,4880.3,3.5,3729.0,13.8,6.7377903141,2016
6015.0,Del Norte,8718.8,4.0,5867.0,31.0,4.8927038627,2016
6017.0,El Dorado,5110.9,3.4,3285.0,13.1,6.2724014337,2016
6019.0,Fresno,6902.6,4.2,4765.0,38.0,7.613530116,2016
6021.0,Glenn,7233.5,4.1,5100.0,23.7,5.8521560575,2016
6023.0,Humboldt,8433.9,4.1,3329.0,23.9,5.4678796881,2016
6025.0,Imperial,5244.5,4.2,4811.0,31.3,5.8255095031,2016
6027.0,Inyo,5560.3,3.8,2354.0,20.2,8.4039087948,2016
6029.0,Kern,7492.2,4.0,5870.0,32.9,7.1238284136,2016
6031.0,Kings,6348.7,4.0,6309.0,33.8,6.3801358423,2016
6033.0,Lake,10644.8,4.2,4981.0,32.3,6.060011767,2016
6035.0,Lassen,6744.1,3.6,5485.0,20.3,6.9170865781,2016
6037.0,Los Angeles,5009.3,3.6,4903.0,26.7,7.1892676485,2016
6039.0,Madera,6855.2,4.2,4979.0,30.7,6.3939071909,2016
6041.0,Marin,3621.6,3.2,2707.0,10.1,6.2306190421,2016
6043.0,Mariposa,7495.3,3.7,3501.0,25.0,6.1023622047,2016
6045.0,Mendocino,7596.3,4.2,3099.0,26.2,5.868605557,2016
6047.0,Merced,6723.5,4.1,5052.0,35.9,6.6301423791,2016
6049.0,Modoc,10229.1,4.2,5002.0,31.3,6.8857589984,2016
6051.0,Mono,3724.6,3.6,3313.0000000000005,16.2,7.9439252336,2016
6053.0,Monterey,5044.2,3.8,3377.0000000000005,25.2,5.7292093404,2016
6055.0,Napa,4729.2,3.4,3832.0,12.0,6.1006748131,2016
6057.0,Nevada,6140.0,3.5,3542.0,17.6,5.7112638815,2016
6059.0,Orange,4153.2,3.3,3457.0,17.9,6.4525734951,2016
6061.0,Placer,4923.8,3.5,2932.0,9.7,5.7495630183,2016
6063.0,Plumas,8755.7,3.9,5312.0,21.6,6.1485909479,2016
6065.0,Riverside,5589.4,4.0,4397.0,23.5,6.5465312952,2016
6067.0,Sacramento,6292.8,3.8,3574.0,23.8,6.7781788672,2016
6069.0,San Benito,5053.8,3.6,5305.0,19.8,6.3597707524,2016
6071.0,San Bernardino,6445.1,3.8,5235.0,28.2,7.1758173526,2016
6073.0,San Diego,4871.3,3.6,3579.0,18.9,6.5681642579,2016
6075.0,San Francisco,4930.1,3.1,3497.9999999999995,13.6,7.0891823618,2016
6077.0,San Joaquin,6986.4,3.8,4752.0,27.5,7.0037130711,2016
6079.0,San Luis Obispo,5411.1,3.6,2656.0,15.6,5.872982158,2016
6081.0,San Mateo,3676.1,3.0,2687.0,9.8,6.6988939711,2016
6083.0,Santa Barbara,4806.6,3.6,2863.0,22.6,6.0221565376,2016
6085.0,Santa Clara,3721.1,2.9,3099.0,9.3,6.8502408265,2016
6087.0,Santa Cruz,5148.6,3.7,3133.0,19.1,5.8162503841,2016
6089.0,Shasta,8959.7,4.0,4043.0,20.3,6.1371113946,2016
6091.0,Sierra,,3.8,2136.0,19.0,6.4516129032,2016
6093.0,Siskiyou,9151.9,4.1,4013.0000000000005,30.3,7.4599818786,2016
6095.0,Solano,6195.5,3.6,3365.0,16.5,6.9222947661,2016
6097.0,Sonoma,4736.8,3.6,2608.0,13.6,5.7087758229,2016
6099.0,Stanislaus,7103.8,4.1,5881.0,23.8,6.3041188338,2016
6101.0,Sutter,6480.7,3.8,4674.0,20.8,5.8065856445,2016
6103.0,Tehama,7547.7,4.0,4143.0,26.7,5.7063197026,2016
6105.0,Trinity,10280.4,4.1,5923.0,31.7,5.6580565806,2016
6107.0,Tulare,6949.5,4.4,5188.0,36.7,6.2323986776,2016
6109.0,Tuolumne,6589.3,3.7,2648.0,20.5,4.4836116265,2016
6111.0,Ventura,4776.5,3.3,3690.0,15.8,6.3261797109,2016
6113.0,Yolo,5087.6,3.7,2164.0,17.5,5.5060123123,2016
6115.0,Yuba,7894.4,4.0,6398.0,28.6,6.015037594,2016
6001.0,Alameda,4767.5,3.1999784107,3313.0000000000005,13.8,7.2297013346,2017
6003.0,Alpine,,4.3099873055,,35.7,,2017
6005.0,Amador,6117.9,3.5315961938,3278.0,19.5,6.4285714286,2017
6007.0,Butte,7438.0,4.1000533486,3901.0,23.8,5.8307503363,2017
6009.0,Calaveras,7209.5,3.708436763,3436.0,21.2,5.3002070393,2017
6011.0,Colusa,5432.4,3.9139527353,5301.0,19.4,6.4035087719,2017
6013.0,Contra Costa,4712.1,3.4589076525,3376.0,12.7,6.7498907971,2017
6015.0,Del Norte,8297.8,4.1168472991,4874.0,33.8,5.137135394,2017
6017.0,El Dorado,5220.8,3.5024310858,3221.0,11.6,6.2860136197,2017
6019.0,Fresno,6895.5,4.03541281,4289.0,36.3,7.7038217971,2017
6021.0,Glenn,6667.4,4.0753887738,4983.0,25.7,6.0950413223,2017
6023.0,Humboldt,8768.6,4.1878659549,3213.0000000000005,23.0,5.4976036087,2017
6025.0,Imperial,5550.5,4.1267244074,3768.0,31.4,5.7629129403,2017
6027.0,Inyo,6743.0,3.8259934387,2322.0,19.9,8.4680025856,2017
6029.0,Kern,7474.9,4.1141239922,5283.0,31.3,7.0853367157,2017
6031.0,Kings,6280.3,4.0340617144,4922.0,28.4,6.3491158015,2017
6033.0,Lake,10636.6,4.3600162036,4473.0,30.2,6.3688026651,2017
6035.0,Lassen,6199.9,3.6154868059,6356.0,19.7,7.15903942,2017
6037.0,Los Angeles,4943.4,3.6954927058,4217.0,23.5,7.1246116672,2017
6039.0,Madera,6855.4,4.2692448611,4459.0,32.3,6.2864354829,2017
6041.0,Marin,3625.3,3.4432655223,2429.0,8.8,6.2312444837,2017
6043.0,Mariposa,8131.5,3.8432794227,4189.0,24.1,6.2252964427,2017
6045.0,Mendocino,8048.9,4.0825623079,3035.0,27.3,5.8877887789,2017
6047.0,Merced,6664.3,4.1654732669,4496.0,35.9,6.5879842635,2017
6049.0,Modoc,11461.3,4.1462185627,3979.9999999999995,31.1,6.6153846154,2017
6051.0,Mono,3666.3,3.6720773632,1788.0,17.3,7.7725118483,2017
6053.0,Monterey,4955.1,3.8100900187,2709.0,22.3,5.8378559604,2017
6055.0,Napa,4437.9,3.4189088202,3168.0,12.1,6.226800297,2017
6057.0,Nevada,6121.7,3.656990502,3283.0,16.4,5.4394046775,2017
6059.0,Orange,4118.2,3.4883656302,3027.0,16.8,6.4160830205,2017
6061.0,Placer,4665.6,3.4777015699,2835.0,9.0,5.6336431648,2017
6063.0,Plumas,8975.7,3.936686112,5329.0,22.5,6.7316209035,2017
6065.0,Riverside,5550.3,3.9084241258,3711.9999999999995,22.6,6.5267364468,2017
6067.0,Sacramento,6192.2,3.8851259101,3552.0000000000005,22.7,6.7955506592,2017
6069.0,San Benito,4905.5,3.6407777449,3670.0000000000005,14.0,6.088454911,2017
6071.0,San Bernardino,6498.8,4.0114789994,4475.0,27.3,7.1539339588,2017
6073.0,San Diego,4745.8,3.4110590689,3147.0,17.8,6.4956860589,2017
6075.0,San Francisco,4730.6,3.3011429395,3156.0,13.5,7.0105566219,2017
6077.0,San Joaquin,6995.4,3.7489783849,4232.0,23.7,7.0368590844,2017
6079.0,San Luis Obispo,5449.1,3.6996780089,2345.0,14.6,5.8027287925,2017
6081.0,San Mateo,3537.7,2.9893432461,2257.0,9.7,6.6966222498,2017
6083.0,Santa Barbara,4881.6,3.6506694117,2546.0,20.0,5.9922727383,2017
6085.0,Santa Clara,3660.7,3.0294733175,2767.0,9.0,6.8787713846,2017
6087.0,Santa Cruz,5213.4,3.6270412057,3003.0,17.6,5.7001795332,2017
6089.0,Shasta,8514.8,4.0255788626,3565.9999999999995,26.5,5.9405940594,2017
6091.0,Sierra,,3.89436374,3786.0,17.4,7.5342465753,2017
6093.0,Siskiyou,8974.3,4.1583560633,3353.0,31.4,7.4838312288,2017
6095.0,Solano,6338.8,3.4792433729,3154.0,15.8,6.8579197825,2017
6097.0,Sonoma,4690.1,3.5535546996,2592.0,14.0,5.6961514671,2017
6099.0,Stanislaus,7078.3,4.1063902833,4820.0,26.6,6.232973141,2017
6101.0,Sutter,6622.1,3.7707411296,4690.0,24.4,6.0978191827,2017
6103.0,Tehama,7473.0,4.1504665951,3790.0,32.1,5.6830803406,2017
6105.0,Trinity,10873.3,4.1777601548,5817.0,32.1,6.1957868649,2017
6107.0,Tulare,6922.3,4.3107092417,5032.0,36.3,6.3408049448,2017
6109.0,Tuolumne,6985.5,3.7584105917,2359.0,21.6,5.009334163,2017
6111.0,Ventura,4612.3,3.5046339418,3397.9999999999995,14.3,6.2928957479,2017
6113.0,Yolo,5210.6,3.7581665407,2012.0,16.8,5.5407441753,2017
6115.0,Yuba,7914.2,4.0905249779,5580.0,31.7,5.9048723898,2017
6001.0,Alameda,4660.0793548,3.3459090873,3461.9999999999995,12.4,7.2394256202,2018
6003.0,Alpine,,4.3640180342,,33.9,,2018
6005.0,Amador,6213.5108186,3.5951208757,3853.0,16.8,7.2398190045,2018
6007.0,Butte,7285.5304554,4.1478602515,4040.9999999999995,22.9,5.9578207381,2018
6009.0,Calaveras,7306.2014148,3.6839559469,2836.0,20.4,5.0509164969,2018
6011.0,Colusa,5746.5299587,3.8719486651,5371.0,15.5,6.5096952909,2018
6013.0,Contra Costa,4702.7530912,3.4033021657,3529.9999999999995,10.3,6.8384009663,2018
6015.0,Del Norte,8127.8842668,4.0769955833,3301.0,30.0,5.3097345133,2018
6017.0,El Dorado,5119.9236959,3.738504263,3440.0,10.0,6.4806480648,2018
6019.0,Fresno,6961.0063714,3.8931131154,4133.0,37.0,7.6800391478,2018
6021.0,Glenn,7335.7779208,4.0802796138,5613.0,23.2,6.2251176258,2018
6023.0,Humboldt,8952.8219231,4.279223942,2897.0,21.4,5.5933992133,2018
6025.0,Imperial,5655.2385912,4.1203659901,3352.0000000000005,32.9,5.5196005917,2018
6027.0,Inyo,6345.4262708,3.832014225,2509.0,18.8,7.5136612022,2018
6029.0,Kern,7592.548046,4.0812433519,5184.0,31.1,7.1404771761,2018
6031.0,Kings,5966.7521692,3.8405875034,4355.0,21.4,6.3791554358,2018
6033.0,Lake,11667.0154,4.3719859084,4171.0,29.9,6.4904780412,2018
6035.0,Lassen,6416.0018743,3.7436918331,6648.0,19.3,7.4814126394,2018
6037.0,Los Angeles,4946.1516978,3.6402303376,4169.0,23.4,7.1040754089,2018
6039.0,Madera,6592.1142681,4.2278677648,4470.0,30.3,6.3631343192,2018
6041.0,Marin,3447.6744813,3.2956834694,2369.0,8.5,5.9742647059,2018
6043.0,Mariposa,7338.7497819,3.8478157263,4708.0,27.6,6.4453125,2018
6045.0,Mendocino,8000.3013339,4.1472259486,2769.0,26.8,6.0211554109,2018
6047.0,Merced,6748.6621226,4.3295800847,5572.0,27.0,6.3701636778,2018
6049.0,Modoc,10390.745127,4.0824047516,3452.0000000000005,30.2,6.24,2018
6051.0,Mono,3933.4704666,3.6624087168,2659.0,14.8,7.1638861629,2018
6053.0,Monterey,5066.5515903,3.4901942953,2968.0,18.9,5.9181403868,2018
6055.0,Napa,4382.8514641,3.568570562,2950.0,9.7,5.8464223386,2018
6057.0,Nevada,5913.6125693,3.6390708806,3344.0,13.7,5.8231868714,2018
6059.0,Orange,4094.3629575,3.3479358683,3061.0,14.5,6.3563525946,2018
6061.0,Placer,4740.8561038,3.4100916984,3059.0,7.6,5.6592206598,2018
6063.0,Plumas,9548.6050922,3.9158940134,4720.0,22.6,8.3557951482,2018
6065.0,Riverside,5587.4210996,3.5608008416,3858.0,20.9,6.5665723977,2018
6067.0,Sacramento,6240.3360832,3.8495857001,3708.0,23.1,6.8393797415,2018
6069.0,San Benito,4752.1158624,3.5386356399,4691.0,14.6,6.351981352,2018
6071.0,San Bernardino,6562.4666813,3.9313351668,4644.0,25.7,7.2135207714,2018
6073.0,San Diego,4658.1893905,3.6547747517,2971.0,16.4,6.4767066668,2018
6075.0,San Francisco,4568.8082733,3.2302780125,3194.0,11.3,6.9970147348,2018
6077.0,San Joaquin,7156.0309739,4.0001332864,4477.0,19.1,7.1466696632,2018
6079.0,San Luis Obispo,5326.4225449,3.7104546616,2373.0,11.1,5.8641640447,2018
6081.0,San Mateo,3552.4944375,2.9481156081,2189.0,7.7,6.854074542,2018
6083.0,Santa Barbara,4854.6894658,3.4611946276,2411.0,16.4,6.1680512461,2018
6085.0,Santa Clara,3621.6544721,2.9005243314,2770.0,10.4,6.9438900783,2018
6087.0,Santa Cruz,5108.3272322,3.8838007296,3278.0,15.2,5.6251185733,2018
6089.0,Shasta,8811.0861999,4.1248436634,3336.0,24.6,6.1524774158,2018
6091.0,Sierra,,3.8036950415,2708.0,20.4,6.7073170732,2018
6093.0,Siskiyou,9534.1354351,4.2493289001,2851.0,27.3,7.7663870767,2018
6095.0,Solano,6346.8528998,3.5869186858,3198.0,16.2,6.6863921688,2018
6097.0,Sonoma,4720.2849108,3.8092630584,2842.0,11.2,5.7181260676,2018
6099.0,Stanislaus,7148.4687337,3.932331114,5379.0,19.1,6.2823231759,2018
6101.0,Sutter,6684.0696037,3.7248318597,4956.0,24.8,6.3056218797,2018
6103.0,Tehama,7581.91279,4.29424039,3706.0,28.8,6.0203139428,2018
6105.0,Trinity,10404.512145,4.3640508813,4945.0,30.9,5.641025641,2018
6107.0,Tulare,7224.8713177,4.0179066805,5454.0,32.7,6.4844329133,2018
6109.0,Tuolumne,7008.0574711,3.7035774811,2785.0,20.4,5.8294573643,2018
6111.0,Ventura,4711.9914243,3.4978018334,3714.0,12.5,6.1671232877,2018
6113.0,Yolo,5383.6180185,3.751757963,2492.0,15.2,5.7548005908,2018
6115.0,Yuba,8548.2575844,4.0164069821,6130.0,23.8,6.1015753586,2018
6001.0,Alameda,4497.4517815,3.3459090873,3047.0,10.5,7.2838529927,2019
6003.0,Alpine,,4.3640180342,,35.3,,2019
6005.0,Amador,6101.441276,3.5951208757,2752.0,15.7,7.1287128713,2019
6007.0,Butte,7604.9202654,4.1478602515,4256.0,22.6,5.9823529412,2019
6009.0,Calaveras,7329.345035,3.6839559469,2477.0,21.1,5.6193114365,2019
6011.0,Colusa,5676.9476611,3.8719486651,3398.0,15.4,6.600660066,2019
6013.0,Contra Costa,4643.0717249,3.4033021657,3260.0,11.2,6.8851543224,2019
6015.0,Del Norte,8953.6731104,4.0769955833,2514.0,33.9,5.702364395,2019
6017.0,El Dorado,5358.6159827,3.738504263,2627.0,9.6,6.5309814564,2019
6019.0,Fresno,6944.910268,3.8931131154,4043.0,28.3,7.566661756,2019
6021.0,Glenn,7566.3069009,4.0802796138,4963.0,20.8,6.1737523105,2019
6023.0,Humboldt,9087.166241,4.279223942,2676.0,24.7,5.593518157,2019
6025.0,Imperial,6040.0298511,4.1203659901,3749.0,28.1,5.4273324941,2019
6027.0,Inyo,7913.3408712,3.832014225,1710.0,17.6,7.6767676768,2019
6029.0,Kern,7822.443712,4.0812433519,4824.0,29.0,7.2314619131,2019
6031.0,Kings,6016.6870133,3.8405875034,5327.0,24.5,6.3703882616,2019
6033.0,Lake,11578.018825,4.3719859084,3782.0,30.1,6.5351894818,2019
6035.0,Lassen,7294.8005195,3.7436918331,3968.0,18.0,7.7861163227,2019
6037.0,Los Angeles,5007.6549713,3.6402303376,4285.0,20.9,7.0976820669,2019
6039.0,Madera,6643.2037921,4.2278677648,3592.0,28.6,6.2629043359,2019
6041.0,Marin,3133.0033055,3.2956834694,2136.0,8.2,5.8874405387,2019
6043.0,Mariposa,8610.4287028,3.8478157263,2801.0,21.2,6.7647058824,2019
6045.0,Mendocino,7756.2745672,4.1472259486,2453.0,22.8,6.4520547945,2019
6047.0,Merced,7117.5007738,4.3295800847,5246.0,33.7,6.4353398323,2019
6049.0,Modoc,10361.559861,4.0824047516,2747.0,29.7,6.6555740433,2019
6051.0,Mono,3935.1253957,3.6624087168,2276.0,12.6,7.7909270217,2019
6053.0,Monterey,5235.0215235,3.4901942953,2841.0,16.2,5.9904242289,2019
6055.0,Napa,4547.882526,3.568570562,2627.0,8.6,5.9226190476,2019
6057.0,Nevada,5712.7762684,3.6390708806,2329.0,14.4,6.013048845,2019
6059.0,Orange,4158.2953849,3.3479358683,3125.0,15.7,6.2673207223,2019
6061.0,Placer,4694.1035749,3.4100916984,2524.0,7.2,5.7162667078,2019
6063.0,Plumas,8153.6813841,3.9158940134,3731.0,22.0,9.2459605027,2019
6065.0,Riverside,5777.981117,3.5608008416,3715.0,16.2,6.6238469809,2019
6067.0,Sacramento,6373.7545444,3.8495857001,3428.0,18.2,6.8672597371,2019
6069.0,San Benito,5253.2199296,3.5386356399,3985.0,11.9,6.3337866718,2019
6071.0,San Bernardino,6709.3598218,3.9313351668,4519.0,23.0,7.2480234151,2019
6073.0,San Diego,4611.3504296,3.6547747517,3183.0,15.7,6.4861398836,2019
6075.0,San Francisco,4384.419376,3.2302780125,3018.0,12.3,6.9827819633,2019
6077.0,San Joaquin,7218.5943993,4.0001332864,3915.0,21.6,7.2336986573,2019
6079.0,San Luis Obispo,5351.8147503,3.7104546616,2142.0,12.3,5.9236122527,2019
6081.0,San Mateo,3469.7978306,2.9481156081,2254.0,7.0,6.8037949454,2019
6083.0,Santa Barbara,5014.7669451,3.4611946276,1965.0,17.4,6.3971366638,2019
6085.0,Santa Clara,3641.4113944,2.9005243314,2910.0,8.1,6.9240881715,2019
6087.0,Santa Cruz,4699.1485239,3.8838007296,2690.0,13.7,5.6885644769,2019
6089.0,Shasta,9004.6017568,4.1248436634,3291.0,22.9,6.3518365093,2019
6091.0,Sierra,,3.8036950415,3416.0,20.2,8.6705202312,2019
6093.0,Siskiyou,9510.9383215,4.2493289001,2861.0,25.7,7.797452625,2019
6095.0,Solano,6099.5961161,3.5869186858,3630.0,14.0,6.72111246,2019
6097.0,Sonoma,4822.9556464,3.8092630584,2490.0,10.9,5.6605932325,2019
6099.0,Stanislaus,7247.9849565,3.932331114,4408.0,18.6,6.3718604259,2019
6101.0,Sutter,6973.2099905,3.7248318597,4294.0,18.2,6.4509051015,2019
6103.0,Tehama,8122.4555793,4.29424039,3104.0,29.0,6.0634155387,2019
6105.0,Trinity,11256.909302,4.3640508813,2596.0,32.1,4.8811013767,2019
6107.0,Tulare,7303.1420504,4.0179066805,4171.0,31.9,6.6121323182,2019
6109.0,Tuolumne,7653.113045,3.7035774811,2734.0,17.5,5.9538653367,2019
6111.0,Ventura,4764.7697641,3.4978018334,3274.0,13.2,6.1178322022,2019
6113.0,Yolo,5160.4666866,3.751757963,2441.0,14.1,5.8672708843,2019
6115.0,Yuba,9470.1542203,4.0164069821,4842.0,21.9,6.4516129032,2019
6001.0,Alameda,4408.5910489,3.1839105458,3298.0,9.8,7.2587957251,2020
6003.0,Alpine,,4.4183369542,2480.0,34.7,,2020
6005.0,Amador,6363.8656948,3.7410673537,3115.0,13.8,6.8126520681,2020
6007.0,Butte,7784.4961042,4.3533626566,4656.0,20.1,6.0342803475,2020
6009.0,Calaveras,7345.8857981,3.9241935989,3050.0,17.5,5.7408844065,2020
6011.0,Colusa,6556.2787052,4.0168093669,3534.0,14.1,6.3248682319,2020
6013.0,Contra Costa,4623.5095352,3.6280809208,3379.0,9.2,6.8385624112,2020
6015.0,Del Norte,8954.9014012,4.3955793889,2869.0,26.6,5.5133079848,2020
6017.0,El Dorado,5164.5473544,3.8309239082,3277.0,9.0,6.5867723914,2020
6019.0,Fresno,7006.6159427,3.9173260969,4172.0,30.2,7.5623649578,2020
6021.0,Glenn,7364.3106766,4.1044470774,5716.0,18.6,6.3083240015,2020
6023.0,Humboldt,8994.0565643,4.5655944713,2855.0,23.2,5.8070866142,2020
6025.0,Imperial,6213.3986322,4.0994936806,3679.0,30.2,5.5251250298,2020
6027.0,Inyo,8740.0101163,3.8840787694,2288.0,15.1,8.0388080388,2020
6029.0,Kern,7923.0215081,4.0890409968,4914.0,27.4,7.2506989748,2020
6031.0,Kings,6356.8669362,4.0915879666,4781.0,23.2,6.3611196555,2020
6033.0,Lake,11305.466803,4.4987096206,3379.0,26.3,6.5906455354,2020
6035.0,Lassen,7125.9207184,3.9335458748,4434.0,15.8,7.6061595894,2020
6037.0,Los Angeles,5017.5431691,3.6164943274,4346.0,19.9,7.1338268569,2020
6039.0,Madera,6650.6452874,4.295986281,3584.0,28.5,6.2958942596,2020
6041.0,Marin,3206.6318035,3.4480038058,2012.0,6.4,5.7885484681,2020
6043.0,Mariposa,8231.0448737,4.0962698899,3317.0,23.2,7.183908046,2020
6045.0,Mendocino,7749.67295,4.2479301328,2743.0,25.5,6.3770147162,2020
6047.0,Merced,6775.7437047,4.201624551,5413.0,28.5,6.2765700066,2020
6049.0,Modoc,10076.65162,4.3181042521,3131.0,27.2,6.9692058347,2020
6051.0,Mono,3369.6016286,3.7676376128,2685.0,11.6,8.1735620585,2020
6053.0,Monterey,5175.9192872,4.0516011737,3224.0,19.2,6.1062107848,2020
6055.0,Napa,4646.0857462,3.7810301889,2743.0,8.9,6.0858819895,2020
6057.0,Nevada,5835.2399112,3.8945528337,2300.0,13.7,5.7529908515,2020
6059.0,Orange,4199.1366307,3.2749558627,3107.0,13.3,6.2071432377,2020
6061.0,Placer,4522.6949673,3.5038457879,2264.0,7.2,5.6916873449,2020
6063.0,Plumas,8700.6760216,4.0742319898,3349.0,19.6,9.3357271095,2020
6065.0,Riverside,5796.962999,4.1359703838,3750.0,17.1,6.7514905239,2020
6067.0,Sacramento,6339.7496513,3.9607701234,3917.0,20.5,6.8889019481,2020
6069.0,San Benito,5148.1810351,3.7660100579,3669.0,11.9,6.3615205586,2020
6071.0,San Bernardino,6762.5514735,3.8702234471,4585.0,21.4,7.3486325825,2020
6073.0,San Diego,4641.05997,3.455539305,3121.0,14.9,6.5536896115,2020
6075.0,San Francisco,4269.7004184,3.3662375967,3213.0,10.9,6.9829415801,2020
6077.0,San Joaquin,7155.2242935,3.7004825948,3961.0,20.5,7.2566599092,2020
6079.0,San Luis Obispo,5271.2259578,3.9509801624,2270.0,10.8,5.8966834616,2020
6081.0,San Mateo,3367.8110377,3.0787713515,2135.0,7.0,6.7309708534,2020
6083.0,Santa Barbara,5042.4450983,3.7143804397,2161.0,14.7,6.4721363416,2020
6085.0,Santa Clara,3579.0807063,2.8790731347,2977.0,7.1,6.9365345245,2020
6087.0,Santa Cruz,4622.3917405,3.9120409632,2792.0,14.5,5.782364547,2020
6089.0,Shasta,9014.3139037,4.2996385264,3393.0,18.2,6.3136738513,2020
6091.0,Sierra,,3.9954187376,3101.0,18.0,8.1395348837,2020
6093.0,Siskiyou,9455.1533337,4.4205368709,3256.0,24.2,8.1004709576,2020
6095.0,Solano,6149.0383397,3.70098803,3456.0,10.2,6.8052825383,2020
6097.0,Sonoma,4779.2582374,3.9567461917,2710.0,11.7,5.7694547996,2020
6099.0,Stanislaus,7163.5505852,4.42379587,4613.0,21.4,6.4151655192,2020
6101.0,Sutter,7136.0381906,3.8930773404,4285.0,18.0,6.6026278017,2020
6103.0,Tehama,8847.4706238,4.5137484163,3433.0,24.2,6.0774504354,2020
6105.0,Trinity,11187.237833,4.462222079,2912.0,31.3,6.0913705584,2020
6107.0,Tulare,7209.0187819,4.7128243317,4469.0,28.6,6.7067645982,2020
6109.0,Tuolumne,7518.9026826,3.8737993841,2464.0,16.5,6.1938680706,2020
6111.0,Ventura,4694.6479676,3.7469855478,3359.0,12.4,6.0593865877,2020
6113.0,Yolo,4795.4639776,4.0171729674,2878.0,15.2,5.6984184474,2020
6115.0,Yuba,9637.6553819,4.0792669518,4921.0,21.8,6.6537857747,2020
6001.0,Alameda,4341.1728267,3.9880290145,3023.0,9.8,7.2056924971,2021
6003.0,Alpine,,4.9894394376,3018.0,29.6,,2021
6005.0,Amador,6203.8883539,4.4930309348,2802.0,12.5,6.4997592682,2021
6007.0,Butte,7577.9065977,5.0687201333,4748.0,16.1,6.0865940087,2021
6009.0,Calaveras,7867.4467053,4.722684653,2536.0,19.6,6.0318664643,2021
6011.0,Colusa,6576.0698843,4.6625533153,4095.0,15.3,6.1355764473,2021
6013.0,Contra Costa,4619.1950862,4.0949381958,3222.0,9.9,6.9424309031,2021
6015.0,Del Norte,8783.3550922,5.1648304003,2997.0,25.8,5.8908045977,2021
6017.0,El Dorado,4818.8844887,4.0938505553,3131.0,9.1,6.6342605095,2021
6019.0,Fresno,7008.1968758,4.67192043,3839.0,29.0,7.5962023749,2021
6021.0,Glenn,7522.8961048,4.8893361981,5079.0,18.1,6.5337763012,2021
6023.0,Humboldt,8732.6240991,5.1904568189,2961.0,20.5,5.9261465158,2021
6025.0,Imperial,5980.0516352,4.6778900511,3614.0,30.7,5.6366922288,2021
6027.0,Inyo,7746.8175792,4.4578045628,2118.0,15.4,7.6923076923,2021
6029.0,Kern,8031.3770962,4.6611399232,4466.0,26.0,7.4252255104,2021
6031.0,Kings,6595.0736714,4.8202421868,4114.0,22.3,6.4264301774,2021
6033.0,Lake,11656.95136,5.1522516547,3652.0,25.2,6.7064945076,2021
6035.0,Lassen,6814.1306162,4.8224445509,3561.0,15.0,8.0831408776,2021
6037.0,Los Angeles,5005.0111192,4.2638464583,4053.0,18.3,7.1934224499,2021
6039.0,Madera,6777.9989315,4.9077936053,3386.0,26.1,6.1820300363,2021
6041.0,Marin,3238.9973763,3.5982321018,2101.0,7.2,5.8621129094,2021
6043.0,Mariposa,7089.7760493,4.6753022757,2908.0,21.9,6.5541211519,2021
6045.0,Mendocino,7754.07372,4.8205155402,2805.0,20.4,6.6319142774,2021
6047.0,Merced,6592.9948408,5.0073489417,5004.0,22.5,6.1954686181,2021
6049.0,Modoc,9281.8010885,5.0825826314,3327.0,31.0,7.0063694268,2021
6051.0,Mono,3978.7872276,4.2925970322,2297.0,12.0,8.2995951417,2021
6053.0,Monterey,5072.4507764,4.3566349517,3162.0,18.4,6.1647483847,2021
6055.0,Napa,4401.2936801,3.9981254878,2795.0,8.4,5.9106601109,2021
6057.0,Nevada,6068.4056895,4.328205098,2285.0,13.5,5.8833860204,2021
6059.0,Orange,4144.3284058,3.7925249386,2832.0,12.6,6.2767661829,2021
6061.0,Placer,4471.2396564,3.7989254555,1991.0,7.5,5.6897019495,2021
6063.0,Plumas,8708.5106803,4.5553150715,3911.0,19.3,9.3333333333,2021
6065.0,Riverside,5842.4339642,4.3868611473,3564.0,14.1,6.8172962676,2021
6067.0,Sacramento,6381.6141766,4.4899938389,3603.0,16.0,6.9304229195,2021
6069.0,San Benito,5385.5886075,4.2631666142,3349.0,13.9,6.5689261234,2021
6071.0,San Bernardino,6845.5852838,4.5204284838,4170.0,18.5,7.4374072524,2021
6073.0,San Diego,4633.6240395,4.0308973658,2974.0,12.8,6.6173700875,2021
6075.0,San Francisco,4315.4324137,3.9440995165,2921.0,9.3,7.0034017444,2021
6077.0,San Joaquin,7275.2181111,4.3806236818,3599.0,18.2,7.3989332037,2021
6079.0,San Luis Obispo,5152.9718934,4.4556847861,2170.0,11.2,6.0411669549,2021
6081.0,San Mateo,3296.8515102,3.5788877997,1880.0,6.3,6.6945263848,2021
6083.0,Santa Barbara,5199.8256215,4.3470455167,1991.0,13.1,6.5210161426,2021
6085.0,Santa Clara,3493.9622062,3.4122533766,2829.0,5.5,6.9766117757,2021
6087.0,Santa Cruz,4675.0659651,4.2841812491,2490.0,10.4,5.8423557717,2021
6089.0,Shasta,9066.6909734,4.7596141559,2890.0,16.5,6.4477569962,2021
6091.0,Sierra,,4.6999594178,2310.0,18.4,8.5227272727,2021
6093.0,Siskiyou,9929.0420635,4.9296435145,2659.0,25.5,8.5522101217,2021
6095.0,Solano,6158.8331689,4.1638219845,3339.0,11.2,6.8682003156,2021
6097.0,Sonoma,4802.8274583,4.2995627415,2599.0,7.7,5.7758723354,2021
6099.0,Stanislaus,7117.3449008,4.7912611183,4480.0,17.1,6.341334141,2021
6101.0,Sutter,7101.7907955,4.8789003414,3919.0,17.4,6.7736579967,2021
6103.0,Tehama,9503.3680524,5.0173449114,3837.0,23.7,6.0100166945,2021
6105.0,Trinity,13183.42622,5.1191879106,2132.0,25.3,6.2251655629,2021
6107.0,Tulare,6953.3895964,4.7613547492,3923.0,25.8,6.9268176966,2021
6109.0,Tuolumne,7774.4136126,4.7607850457,2220.0,15.2,6.3928350834,2021
6111.0,Ventura,4654.1452841,4.1614245714,3067.0,11.4,6.0908755079,2021
6113.0,Yolo,4616.9534698,4.2690226821,2454.0,13.0,5.8001484047,2021
6115.0,Yuba,9487.8886244,4.6870851796,5032.0,18.8,6.8195607329,2021
6001.0,Alameda,4650.6551303,3.6119805659,2783.0,9.1,7.1549347266,2022
6003.0,Alpine,,4.7575514689,,24.5,,2022
6005.0,Amador,6929.9881092,4.429201176,2475.0,13.0,5.9894585529,2022
6007.0,Butte,7851.2794904,4.6889900241,4754.0,18.7,6.0674569229,2022
6009.0,Calaveras,7892.1018755,4.6201429274,2477.0,16.1,6.3653483992,2022
6011.0,Colusa,6877.0321025,4.3981085554,4730.0,12.9,6.0,2022
6013.0,Contra Costa,4994.8054158,3.7859476397,2959.0,7.9,6.9541829628,2022
6015.0,Del Norte,9204.8630085,4.8674659882,2595.0,23.4,6.1515748031,2022
6017.0,El Dorado,5328.9889366,4.1929636996,2985.0,8.8,6.7028985507,2022
6019.0,Fresno,7511.3445697,4.4837568047,3649.0,23.1,7.5187678222,2022
6021.0,Glenn,7905.2663038,4.6838717016,5270.0,17.2,6.071964018,2022
6023.0,Humboldt,8529.8172403,4.8590441321,2970.0,18.8,5.9741054134,2022
6025.0,Imperial,7110.5468967,4.4559691194,3190.0,24.9,5.7435689279,2022
6027.0,Inyo,8003.8632962,4.3713665593,2948.0,14.6,7.7941176471,2022
6029.0,Kern,8735.144014,4.6189176467,4040.0,24.6,7.3745107316,2022
6031.0,Kings,6863.0811042,4.4745691256,3825.0,17.8,6.3516068053,2022
6033.0,Lake,11558.925676,4.904521693,3324.0,22.2,6.8349514563,2022
6035.0,Lassen,7623.7045102,4.5966073957,3392.0,15.7,8.1006864989,2022
6037.0,Los Angeles,5557.720209,4.0502942756,3637.0,17.2,7.229728896,2022
6039.0,Madera,7197.3595823,4.6569018722,3175.0,18.8,6.2635414615,2022
6041.0,Marin,3554.6932114,3.6517986964,1690.0,5.8,5.5782048793,2022
6043.0,Mariposa,7490.3843112,4.6607904722,3347.0,18.5,6.7472306143,2022
6045.0,Mendocino,8620.4445503,4.627371749,2468.0,18.9,6.6982108532,2022
6047.0,Merced,7371.85709,4.6088441013,4528.0,22.8,6.0834464528,2022
6049.0,Modoc,10678.907593,5.0059749107,3140.0,28.1,7.5829383886,2022
6051.0,Mono,3314.891816,4.2501833427,2144.0,9.6,7.7083333333,2022
6053.0,Monterey,5291.7849862,4.2401791056,3206.0,15.0,6.2304557946,2022
6055.0,Napa,4617.5779552,3.9074710704,2347.0,8.7,5.6676685273,2022
6057.0,Nevada,6752.8032265,4.334334002,2329.0,11.0,5.8906775164,2022
6059.0,Orange,4400.6685473,3.8039861938,2432.0,10.3,6.2647254989,2022
6061.0,Placer,4579.3611449,3.9979279761,1957.0,6.2,5.7755388941,2022
6063.0,Plumas,10122.549281,4.5711175803,3502.0,18.3,9.4986807388,2022
6065.0,Riverside,6381.160543,4.2014528718,3313.0,14.5,6.8062801673,2022
6067.0,Sacramento,6667.2004836,4.266890057,3232.0,16.8,7.0375225299,2022
6069.0,San Benito,5285.4462036,4.0638299855,2575.0,9.3,6.529209622,2022
6071.0,San Bernardino,7723.7035076,4.2621720074,4002.0,19.7,7.5160979763,2022
6073.0,San Diego,4926.2220448,3.9535129144,2774.0,11.0,6.6510283468,2022
6075.0,San Francisco,4811.4461331,3.4745241115,2695.0,9.4,6.9918991311,2022
6077.0,San Joaquin,7767.5625423,4.3400820352,3410.0,17.4,7.371813234,2022
6079.0,San Luis Obispo,5260.3680172,4.1742303793,1864.0,9.2,5.9597391551,2022
6081.0,San Mateo,3503.8321681,3.443239532,1753.0,5.6,6.7501251878,2022
6083.0,Santa Barbara,5333.9694373,4.1152872879,1846.0,12.6,6.5904801303,2022
6085.0,Santa Clara,3682.6789392,3.354822442,2508.0,6.5,6.9464872325,2022
6087.0,Santa Cruz,5048.3435227,4.1049821114,2224.0,10.6,5.8147103493,2022
6089.0,Shasta,9500.3016323,4.8158044966,2563.0,18.3,6.4224137931,2022
6091.0,Sierra,,4.7377277718,3135.0,13.5,9.5744680851,2022
6093.0,Siskiyou,10618.122156,4.864003624,2353.0,20.2,8.5182767624,2022
6095.0,Solano,6402.2245159,4.0658580956,2861.0,10.8,6.7639997767,2022
6097.0,Sonoma,5096.9645797,4.0694454436,2466.0,8.6,5.8358902695,2022
6099.0,Stanislaus,7821.0028898,4.4765593128,4171.0,17.1,6.375665922,2022
6101.0,Sutter,7515.2232465,4.527405229,3042.0,16.2,6.7704280156,2022
6103.0,Tehama,9623.432093,4.9914773815,3731.0,17.2,6.1098654709,2022
6105.0,Trinity,14307.233951,5.0660920298,1784.0,26.4,5.8355437666,2022
6107.0,Tulare,7363.5224669,4.706971154,3428.0,23.0,6.9443884341,2022
6109.0,Tuolumne,8067.273583,4.5736096964,2127.0,13.4,6.7046173308,2022
6111.0,Ventura,4737.3251185,3.9306425049,2973.0,11.7,6.1020314648,2022
6113.0,Yolo,4742.417338,4.1556029362,2420.0,11.3,5.8319478194,2022
6115.0,Yuba,9162.9929404,4.6471825051,4100.0,19.2,6.7719813862,2022
6001.0,Alameda,4650.6551303,4.5210017681,2172.0,9.9,7.1549347266,2023
6003.0,Alpine,,4.9040330715,1263.0,27.2,,2023
6005.0,Amador,6929.9881092,4.9338321352,1768.0,13.5,5.9894585529,2023
6007.0,Butte,7851.2794904,5.2255282082,3725.0,18.3,6.0674569229,2023
6009.0,Calaveras,7892.1018755,5.0166993061,1951.0,18.3,6.3653483992,2023
6011.0,Colusa,6877.0321025,4.9896128382,4123.0,15.6,6.0,2023
6013.0,Contra Costa,4994.8054158,4.1884893398,2168.0,11.3,6.9541829628,2023
6015.0,Del Norte,9204.8630085,5.2535568224,1941.0,27.2,6.1515748031,2023
6017.0,El Dorado,5328.9889366,4.709942781,2091.0,10.5,6.7028985507,2023
6019.0,Fresno,7511.3445697,4.8236114042,3057.0,26.8,7.5187678222,2023
6021.0,Glenn,7905.2663038,5.2969740436,3484.0,21.4,6.071964018,2023
6023.0,Humboldt,8529.8172403,5.2083993096,1920.0,23.8,5.9741054134,2023
6025.0,Imperial,7110.5468967,4.7549133215,2250.0,21.6,5.7435689279,2023
6027.0,Inyo,8003.8632962,5.0765911074,2092.0,16.9,7.7941176471,2023
6029.0,Kern,8735.144014,5.0039897956,3009.0,25.3,7.3745107316,2023
6031.0,Kings,6863.0811042,4.8063454654,2824.0,22.6,6.3516068053,2023
6033.0,Lake,11558.925676,5.4398253976,2185.0,25.0,6.8349514563,2023
6035.0,Lassen,7623.7045102,4.9963793945,2841.0,20.2,8.1006864989,2023
6037.0,Los Angeles,5557.720209,4.6439302208,2519.0,18.4,7.229728896,2023
6039.0,Madera,7197.3595823,5.5101970349,2638.0,27.7,6.2635414615,2023
6041.0,Marin,3554.6932114,4.4155980747,1208.0,7.9,5.5782048793,2023
6043.0,Mariposa,7490.3843112,5.1094386623,2753.0,22.0,6.7472306143,2023
6045.0,Mendocino,8620.4445503,5.1561130049,2089.0,22.3,6.6982108532,2023
6047.0,Merced,7371.85709,5.2829275113,3323.0,28.8,6.0834464528,2023
6049.0,Modoc,10678.907593,5.3303350316,2839.0,29.8,7.5829383886,2023
6051.0,Mono,3314.891816,4.746069496,1785.0,12.1,7.7083333333,2023
6053.0,Monterey,5291.7849862,4.4366134253,2346.0,15.5,6.2304557946,2023
6055.0,Napa,4617.5779552,4.546061417,1549.0,10.1,5.6676685273,2023
6057.0,Nevada,6752.8032265,4.8848844812,1771.0,14.7,5.8906775164,2023
6059.0,Orange,4400.6685473,4.2738986024,1722.0,11.0,6.2647254989,2023
6061.0,Placer,4579.3611449,4.4616313658,1557.0,7.2,5.7755388941,2023
6063.0,Plumas,10122.549281,5.0737517717,2600.0,21.8,9.4986807388,2023
6065.0,Riverside,6381.160543,4.9350009975,2423.0,16.0,6.8062801673,2023
6067.0,Sacramento,6667.2004836,4.8159224533,2578.0,16.9,7.0375225299,2023
6069.0,San Benito,5285.4462036,4.7599038964,2080.0,11.1,6.529209622,2023
6071.0,San Bernardino,7723.7035076,4.6473124636,2823.0,17.1,7.5160979763,2023
6073.0,San Diego,4926.2220448,4.4513470832,2007.0,12.3,6.6510283468,2023
6075.0,San Francisco,4811.4461331,4.2979658118,2133.0,11.7,6.9918991311,2023
6077.0,San Joaquin,7767.5625423,4.8727199388,2427.0,15.7,7.371813234,2023
6079.0,San Luis Obispo,5260.3680172,4.767712533,1574.0,13.8,5.9597391551,2023
6081.0,San Mateo,3503.8321681,3.9727474938,1415.0,6.5,6.7501251878,2023
6083.0,Santa Barbara,5333.9694373,5.0028275962,1393.0,16.8,6.5904801303,2023
6085.0,Santa Clara,3682.6789392,4.0410370653,1868.0,7.4,6.9464872325,2023
6087.0,Santa Cruz,5048.3435227,4.6085380106,1478.0,12.3,5.8147103493,2023
6089.0,Shasta,9500.3016323,5.2042454335,2221.0,18.0,6.4224137931,2023
6091.0,Sierra,,5.1259921365,2975.0,16.2,9.5744680851,2023
6093.0,Siskiyou,10618.122156,5.2726662144,1581.0,23.3,8.5182767624,2023
6095.0,Solano,6402.2245159,4.7097775058,2248.0,12.6,6.7639997767,2023
6097.0,Sonoma,5096.9645797,4.7487688601,1699.0,10.4,5.8358902695,2023
6099.0,Stanislaus,7821.0028898,5.0501484941,3229.0,19.4,6.375665922,2023
6101.0,Sutter,7515.2232465,4.9379498424,3078.0,22.3,6.7704280156,2023
6103.0,Tehama,9623.432093,5.3206443047,2721.0,20.6,6.1098654709,2023
6105.0,Trinity,14307.233951,5.3971050566,1810.0,29.2,5.8355437666,2023
6107.0,Tulare,7363.5224669,4.6012800754,2466.0,24.4,6.9443884341,2023
6109.0,Tuolumne,8067.273583,4.9341047411,1666.0,17.3,6.7046173308,2023
6111.0,Ventura,4737.3251185,4.4309021529,2112.0,12.1,6.1020314648,2023
6113.0,Yolo,4742.417338,4.6333375066,1895.0,11.6,5.8319478194,2023
6115.0,Yuba,9162.9929404,5.1037957844,3536.0,21.9,6.7719813862,2023
6001.0,Alameda,4981.2133943,5.0707797597,2102.0,10.3,7.3041569925,2024
6003.0,Alpine,,5.5417637012,921.0,26.6,,2024
6005.0,Amador,7465.0938704,5.505525309,1514.0,12.0,5.9424326834,2024
6007.0,Butte,8799.8476478,5.7574983538,3527.0,18.7,6.237463604,2024
6009.0,Calaveras,8756.5358626,5.8072538197,1865.0,16.2,6.520119225,2024
6011.0,Colusa,6260.5971767,5.4993333023,3265.0,13.7,6.0240963855,2024
6013.0,Contra Costa,5388.3071889,4.6407106229,2096.0,10.0,7.1582630368,2024
6015.0,Del Norte,10703.710592,5.799220601,1451.0,22.5,6.6119938493,2024
6017.0,El Dorado,5834.34852,5.424733266,1883.0,6.5,6.6411935953,2024
6019.0,Fresno,8530.0414211,5.1877773578,2779.0,25.1,7.4885634491,2024
6021.0,Glenn,9264.6294119,5.6172924541,3808.0,19.2,5.6110684089,2024
6023.0,Humboldt,9031.7556836,6.2382124278,1891.0,20.5,6.2359850507,2024
6025.0,Imperial,8014.9290355,5.5468453497,2059.0,27.5,6.0454919156,2024
6027.0,Inyo,10103.515076,5.3819687466,1083.0,13.5,8.2278481013,2024
6029.0,Kern,10111.125659,5.4651475065,2700.0,23.6,7.5699689027,2024
6031.0,Kings,7902.9785899,5.2491528659,2624.0,21.3,6.6135509781,2024
6033.0,Lake,11808.001434,6.078908659,2027.0,22.8,7.1612265084,2024
6035.0,Lassen,9558.3231561,5.6055252568,2813.0,17.0,8.3410138249,2024
6037.0,Los Angeles,6316.7869393,5.0732126297,2462.0,18.1,7.3860238888,2024
6039.0,Madera,8372.1682945,5.6527776612,2697.0,31.3,6.3761097659,2024
6041.0,Marin,3856.2557198,4.4296695536,1124.0,8.1,5.5613577023,2024
6043.0,Mariposa,10003.502278,5.557167069,2473.0,21.3,6.9696969697,2024
6045.0,Mendocino,9611.560939,5.6831664205,1594.0,22.6,6.8832173241,2024
6047.0,Merced,8467.9057004,5.1780663445,3367.0,26.0,6.3746036374,2024
6049.0,Modoc,11360.040952,5.8259006616,1726.0,28.0,8.4664536741,2024
6051.0,Mono,4788.6172678,5.2428090048,1360.0,10.6,8.3705357143,2024
6053.0,Monterey,5768.4491181,5.25100633,2064.0,16.4,6.3471662671,2024
6055.0,Napa,4952.5360341,4.8897809003,1590.0,9.3,6.0318187021,2024
6057.0,Nevada,7627.2351659,5.4920766761,1695.0,11.8,5.534591195,2024
6059.0,Orange,4990.3320259,4.4722929492,1602.0,11.0,6.4586490718,2024
6061.0,Placer,4832.1502765,4.7669632455,1529.0,5.5,5.8234019502,2024
6063.0,Plumas,9578.7594716,5.6680069927,1952.0,18.0,8.7301587302,2024
6065.0,Riverside,7346.2962135,4.8467662166,2175.0,13.3,7.0503373535,2024
6067.0,Sacramento,7324.5677215,5.2860491697,2527.0,15.4,7.1046890796,2024
6069.0,San Benito,6337.5515996,5.0407052604,1911.0,8.3,6.9294456443,2024
6071.0,San Bernardino,8917.3502379,5.2230022834,2687.0,18.2,7.8009380939,2024
6073.0,San Diego,5434.6817954,4.7613608082,1965.0,12.6,6.8068698593,2024
6075.0,San Francisco,5367.6071775,4.822193014,2223.0,7.9,7.1024153753,2024
6077.0,San Joaquin,8627.4972135,4.7322145453,2181.0,16.0,7.5542516933,2024
6079.0,San Luis Obispo,5707.2871568,5.1029696469,1332.0,10.7,6.2042948346,2024
6081.0,San Mateo,3815.7710556,4.1886069819,1468.0,7.2,6.7028570421,2024
6083.0,Santa Barbara,5775.0696386,5.0526608967,1413.0,16.1,6.8242291438,2024
6085.0,Santa Clara,3918.1052206,4.0048219016,1893.0,6.9,7.1601424466,2024
6087.0,Santa Cruz,5285.4233438,5.1651045615,1564.0,12.0,5.9932108159,2024
6089.0,Shasta,9990.4469881,5.5621119093,1915.0,15.8,6.7797877112,2024
6091.0,Sierra,,5.4823096851,1644.0,13.6,10.055865922,2024
6093.0,Siskiyou,11921.754914,6.0290288392,1274.0,17.7,8.3897158322,2024
6095.0,Solano,6743.5489739,5.1666644165,2268.0,11.7,7.120786915,2024
6097.0,Sonoma,5764.3617479,5.0536402825,1526.0,9.4,5.9033989267,2024
6099.0,Stanislaus,8878.2963339,5.48706025,2950.0,18.5,6.5778501755,2024
6101.0,Sutter,8068.6683223,5.4046154849,2913.0,18.0,6.9540555871,2024
6103.0,Tehama,10873.844857,5.9900700499,2729.0,19.3,6.3226052181,2024
6105.0,Trinity,15509.465353,6.1249206016,1598.0,24.4,6.357615894,2024
6107.0,Tulare,8610.6089672,5.302862502,2324.0,24.3,7.1087092081,2024
6109.0,Tuolumne,9065.9521454,5.6117043022,1774.0,15.1,6.5944568334,2024
6111.0,Ventura,5245.6917429,4.8576733689,2007.0,12.5,6.2046374205,2024
6113.0,Yolo,5138.8854246,5.0757259321,1809.0,14.5,6.0536138446,2024
6115.0,Yuba,9598.6927266,5.6591643534,3939.0,19.0,6.7804818985,2024
