fips,county,premature_death_rate,poor_mental_health_days,preventable_hosp_rate,children_in_poverty_pct,low_birthweight_pct,year,median_home_value,median_household_income,income_source,median_multiple
06001,Alameda,4885.7,3.3,3786.0,14.3,7.2431443196,2016,727366.1375710167,89979,1yr,8.083732177185974
06003,Alpine,,4.1,,28.2,,2016,354178.3727216045,62375,5yr,5.6782103843143
06005,Amador,5775.7,3.5,3607.0,18.6,6.3136456212,2016,283142.89372977486,57032,5yr,4.96463202640228
06007,Butte,7436.8,4.2,4629.0,24.3,5.8106294849,2016,259383.08824574927,45177,1yr,5.741485451573793
06009,Calaveras,7536.8,3.5,3547.9999999999995,20.6,4.8275862069,2016,274860.94637772127,53502,5yr,5.137395730584301
06011,Colusa,6254.6,4.0,5406.0,19.9,6.0478790424,2016,208697.3285680609,54946,5yr,3.7982260504506407
06013,Contra Costa,4880.3,3.5,3729.0,13.8,6.7377903141,2016,544543.2690577001,91045,1yr,5.981034313336263
06015,Del Norte,8718.8,4.0,5867.0,31.0,4.8927038627,2016,216599.53317034975,42363,5yr,5.11294132073625
06017,El Dorado,5110.9,3.4,3285.0,13.1,6.2724014337,2016,421631.96889048495,75772,1yr,5.564482511884139
06019,Fresno,6902.6,4.2,4765.0,38.0,7.613530116,2016,219915.9345625059,48715,1yr,4.514337156163521
06021,Glenn,7233.5,4.1,5100.0,23.7,5.8521560575,2016,201576.63984395462,41699,5yr,4.834088103886295
06023,Humboldt,8433.9,4.1,3329.0,23.9,5.4678796881,2016,338747.12214317865,43130,1yr,7.854095111133287
06025,Imperial,5244.5,4.2,4811.0,31.3,5.8255095031,2016,196279.9163021384,49095,1yr,3.997961427887532
06027,Inyo,5560.3,3.8,2354.0,20.2,8.4039087948,2016,291722.4842721991,47278,5yr,6.170364318968635
06029,Kern,7492.2,4.0,5870.0,32.9,7.1238284136,2016,195143.7690394981,49903,1yr,3.9104616764422597
06031,Kings,6348.7,4.0,6309.0,33.8,6.3801358423,2016,189851.76302612165,53234,1yr,3.566362907655289
06033,Lake,10644.8,4.2,4981.0,32.3,6.060011767,2016,204519.08001629505,42029,1yr,4.866141949993934
06035,Lassen,6744.1,3.6,5485.0,20.3,6.9170865781,2016,146905.8553204362,51457,5yr,2.854924603463789
06037,Los Angeles,5009.3,3.6,4903.0,26.7,7.1892676485,2016,501369.08806549973,61338,1yr,8.173874075866506
06039,Madera,6855.2,4.2,4979.0,30.7,6.3939071909,2016,216181.16124897226,51657,1yr,4.184934495788998
06041,Marin,3621.6,3.2,2707.0,10.1,6.2306190421,2016,998023.1636375171,103845,1yr,9.61070021317846
06043,Mariposa,7495.3,3.7,3501.0,25.0,6.1023622047,2016,275683.89472155465,49265,5yr,5.595938185761791
06045,Mendocino,7596.3,4.2,3099.0,26.2,5.868605557,2016,407509.5585849055,43809,1yr,9.301959838957874
06047,Merced,6723.5,4.1,5052.0,35.9,6.6301423791,2016,219854.87381839287,47739,1yr,4.605351469833739
06049,Modoc,10229.1,4.2,5002.0,31.3,6.8857589984,2016,111496.19369235229,41194,5yr,2.7066124603668564
06051,Mono,3724.6,3.6,3313.0000000000005,16.2,7.9439252336,2016,367499.3832640054,58937,5yr,6.235461310619907
06053,Monterey,5044.2,3.8,3377.0000000000005,25.2,5.7292093404,2016,494514.40120564523,63876,1yr,7.741787231599431
06055,Napa,4729.2,3.4,3832.0,12.0,6.1006748131,2016,618134.1287298354,75077,1yr,8.233335491959393
06057,Nevada,6140.0,3.5,3542.0,17.6,5.7112638815,2016,403134.948071495,59022,1yr,6.830248857569973
06059,Orange,4153.2,3.3,3457.0,17.9,6.4525734951,2016,612052.1281151507,81837,1yr,7.478916970504182
06061,Placer,4923.8,3.5,2932.0,9.7,5.7495630183,2016,435682.57082047657,85426,1yr,5.100116718803134
06063,Plumas,8755.7,3.9,5312.0,21.6,6.1485909479,2016,225199.93862576818,50125,5yr,4.492766855376921
06065,Riverside,5589.4,4.0,4397.0,23.5,6.5465312952,2016,330119.8985670742,60134,1yr,5.4897378948194735
06067,Sacramento,6292.8,3.8,3574.0,23.8,6.7781788672,2016,319358.3414540367,59780,1yr,5.342227190599477
06069,San Benito,5053.8,3.6,5305.0,19.8,6.3597707524,2016,536494.7431551674,73814,5yr,7.268197674630388
06071,San Bernardino,6445.1,3.8,5235.0,28.2,7.1758173526,2016,279483.5810143932,56337,1yr,4.960924099870302
06073,San Diego,4871.3,3.6,3579.0,18.9,6.5681642579,2016,519967.48065094417,70824,1yr,7.3416847488272925
06075,San Francisco,4930.1,3.1,3497.9999999999995,13.6,7.0891823618,2016,1169092.1814874539,103801,1yr,11.262821952461477
06077,San Joaquin,6986.4,3.8,4752.0,27.5,7.0037130711,2016,313668.00420710194,59518,1yr,5.27013683603451
06079,San Luis Obispo,5411.1,3.6,2656.0,15.6,5.872982158,2016,519922.2849938103,70564,1yr,7.36809541683876
06081,San Mateo,3676.1,3.0,2687.0,9.8,6.6988939711,2016,1113401.509762809,108627,1yr,10.2497676430612
06083,Santa Barbara,4806.6,3.6,2863.0,22.6,6.0221565376,2016,554716.7603827169,67436,1yr,8.225825380845793
06085,Santa Clara,3721.1,2.9,3099.0,9.3,6.8502408265,2016,934320.8405239208,111069,1yr,8.412075741421287
06087,Santa Cruz,5148.6,3.7,3133.0,19.1,5.8162503841,2016,711206.8804447656,77613,1yr,9.163501996376452
06089,Shasta,8959.7,4.0,4043.0,20.3,6.1371113946,2016,231327.34876228412,46724,1yr,4.950932042682221
06091,Sierra,,3.8,2136.0,19.0,6.4516129032,2016,174645.3488608736,43984,5yr,3.970656349146817
06093,Siskiyou,9151.9,4.1,4013.0000000000005,30.3,7.4599818786,2016,174013.20389339144,38524,5yr,4.517007680754632
06095,Solano,6195.5,3.6,3365.0,16.5,6.9222947661,2016,371879.14740224445,73900,1yr,5.032194146173809
06097,Sonoma,4736.8,3.6,2608.0,13.6,5.7087758229,2016,570703.8261132801,73929,1yr,7.7196205293359865
06099,Stanislaus,7103.8,4.1,5881.0,23.8,6.3041188338,2016,259427.0110718013,54305,1yr,4.777221454227075
06101,Sutter,6480.7,3.8,4674.0,20.8,5.8065856445,2016,241022.0294592194,51397,1yr,4.689418243462058
06103,Tehama,7547.7,4.0,4143.0,26.7,5.7063197026,2016,186253.58891521042,40687,5yr,4.577717426087212
06105,Trinity,10280.4,4.1,5923.0,31.7,5.6580565806,2016,225754.5246335269,35270,5yr,6.400752045180802
06107,Tulare,6949.5,4.4,5188.0,36.7,6.2323986776,2016,187924.35579118994,45881,1yr,4.0959080183777585
06109,Tuolumne,6589.3,3.7,2648.0,20.5,4.4836116265,2016,286324.77030802524,50731,5yr,5.643980412529326
06111,Ventura,4776.5,3.3,3690.0,15.8,6.3261797109,2016,555862.3688685974,80135,1yr,6.936574141992855
06113,Yolo,5087.6,3.7,2164.0,17.5,5.5060123123,2016,395093.72201560746,64904,1yr,6.087355509916299
06115,Yuba,7894.4,4.0,6398.0,28.6,6.015037594,2016,226296.4410289332,49259,1yr,4.59401207959831
06001,Alameda,4767.5,3.1999784107,3313.0000000000005,13.8,7.2297013346,2017,776411.9067346147,96296,1yr,8.062763839978969
06003,Alpine,,4.3099873055,,35.7,,2017,357583.22037708363,63438,5yr,5.636735401133132
06005,Amador,6117.9,3.5315961938,3278.0,19.5,6.4285714286,2017,307631.280955333,60636,5yr,5.073409871286579
06007,Butte,7438.0,4.1000533486,3901.0,23.8,5.8307503363,2017,279283.84568602336,49061,1yr,5.692583634374011
06009,Calaveras,7209.5,3.708436763,3436.0,21.2,5.3002070393,2017,296846.95001917885,54800,5yr,5.416915146335381
06011,Colusa,5432.4,3.9139527353,5301.0,19.4,6.4035087719,2017,225670.01231137724,56481,5yr,3.995503130457627
06013,Contra Costa,4712.1,3.4589076525,3376.0,12.7,6.7498907971,2017,581602.9751360649,95339,1yr,6.100367899139544
06015,Del Norte,8297.8,4.1168472991,4874.0,33.8,5.137135394,2017,234723.46917237414,41287,5yr,5.685166497260012
06017,El Dorado,5220.8,3.5024310858,3221.0,11.6,6.2860136197,2017,452863.9282173354,79414,1yr,5.7025704311246805
06019,Fresno,6895.5,4.03541281,4289.0,36.3,7.7038217971,2017,237390.1086430907,51800,1yr,4.582820630175497
06021,Glenn,6667.4,4.0753887738,4983.0,25.7,6.0950413223,2017,218346.59251168187,46260,5yr,4.719986867956806
06023,Humboldt,8768.6,4.1878659549,3213.0000000000005,23.0,5.4976036087,2017,367940.43309445004,46494,1yr,7.913718610884201
06025,Imperial,5550.5,4.1267244074,3768.0,31.4,5.7629129403,2017,208947.16769669703,47211,1yr,4.425815333221008
06027,Inyo,6743.0,3.8259934387,2322.0,19.9,8.4680025856,2017,314898.5787147604,51500,5yr,6.114535509024474
06029,Kern,7474.9,4.1141239922,5283.0,31.3,7.0853367157,2017,204425.44381150565,49854,1yr,4.100482284500855
06031,Kings,6280.3,4.0340617144,4922.0,28.4,6.3491158015,2017,208322.89455364726,57555,1yr,3.61954468862214
06033,Lake,10636.6,4.3600162036,4473.0,30.2,6.3688026651,2017,226303.40181317294,48930,1yr,4.625043977379377
06035,Lassen,6199.9,3.6154868059,6356.0,19.7,7.15903942,2017,160401.78486550823,54083,5yr,2.965844810116085
06037,Los Angeles,4943.4,3.6954927058,4217.0,23.5,7.1246116672,2017,544805.4850212884,65006,1yr,8.380849229629394
06039,Madera,6855.4,4.2692448611,4459.0,32.3,6.2864354829,2017,232489.54159886003,51283,1yr,4.5334621921272165
06041,Marin,3625.3,3.4432655223,2429.0,8.8,6.2312444837,2017,1043969.7866709552,113908,1yr,9.165026044447758
06043,Mariposa,8131.5,3.8432794227,4189.0,24.1,6.2252964427,2017,295365.4738650275,51385,5yr,5.74808745480252
06045,Mendocino,8048.9,4.0825623079,3035.0,27.3,5.8877887789,2017,444494.2098445994,53024,1yr,8.382887180231583
06047,Merced,6664.3,4.1654732669,4496.0,35.9,6.5879842635,2017,242921.9771318587,47735,1yr,5.088969878115821
06049,Modoc,11461.3,4.1462185627,3979.9999999999995,31.1,6.6153846154,2017,118761.74885828211,39296,5yr,3.0222350584864137
06051,Mono,3666.3,3.6720773632,1788.0,17.3,7.7725118483,2017,388517.86572850053,60595,5yr,6.411714922493614
06053,Monterey,4955.1,3.8100900187,2709.0,22.3,5.8378559604,2017,531637.3910764169,71274,1yr,7.459064891495032
06055,Napa,4437.9,3.4189088202,3168.0,12.1,6.226800297,2017,658990.235593277,86562,1yr,7.6129275616699825
06057,Nevada,6121.7,3.656990502,3283.0,16.4,5.4394046775,2017,433749.51445688476,65385,1yr,6.633777081240113
06059,Orange,4118.2,3.4883656302,3027.0,16.8,6.4160830205,2017,665192.0982923089,86217,1yr,7.71532410420577
06061,Placer,4665.6,3.4777015699,2835.0,9.0,5.6336431648,2017,464050.34762645635,80728,1yr,5.748319636637305
06063,Plumas,8975.7,3.936686112,5329.0,22.5,6.7316209035,2017,240083.77613067706,50266,5yr,4.776265788618093
06065,Riverside,5550.3,3.9084241258,3711.9999999999995,22.6,6.5267364468,2017,349899.49559654325,63944,1yr,5.471967590337534
06067,Sacramento,6192.2,3.8851259101,3552.0000000000005,22.7,6.7955506592,2017,348812.8254290067,63045,1yr,5.532759543643536
06069,San Benito,4905.5,3.6407777449,3670.0000000000005,14.0,6.088454911,2017,569055.4977005746,80760,5yr,7.046254305356297
06071,San Bernardino,6498.8,4.0114789994,4475.0,27.3,7.1539339588,2017,307777.60860504524,60420,1yr,5.093969026895817
06073,San Diego,4745.8,3.4110590689,3147.0,17.8,6.4956860589,2017,558221.7635615851,76207,1yr,7.325072021751088
06075,San Francisco,4730.6,3.3011429395,3156.0,13.5,7.0105566219,2017,1203538.9472762507,110816,1yr,10.860696535484504
06077,San Joaquin,6995.4,3.7489783849,4232.0,23.7,7.0368590844,2017,345111.3748217079,61164,1yr,5.642393807169379
06079,San Luis Obispo,5449.1,3.6996780089,2345.0,14.6,5.8027287925,2017,573698.6113805766,71880,1yr,7.981338500008022
06081,San Mateo,3537.7,2.9893432461,2257.0,9.7,6.6966222498,2017,1181231.4368793992,116653,1yr,10.12602707928128
06083,Santa Barbara,4881.6,3.6506694117,2546.0,20.0,5.9922727383,2017,575674.0809884797,71106,1yr,8.095998663804457
06085,Santa Clara,3660.7,3.0294733175,2767.0,9.0,6.8787713846,2017,963104.5423373488,119035,1yr,8.090935794827981
06087,Santa Cruz,5213.4,3.6270412057,3003.0,17.6,5.7001795332,2017,759633.3443572557,79705,1yr,9.530560747221074
06089,Shasta,8514.8,4.0255788626,3565.9999999999995,26.5,5.9405940594,2017,245786.3789411144,52439,1yr,4.687091266826492
06091,Sierra,,3.89436374,3786.0,17.4,7.5342465753,2017,191933.8752676414,44190,5yr,4.343378032759479
06093,Siskiyou,8974.3,4.1583560633,3353.0,31.4,7.4838312288,2017,185764.5631521585,40884,5yr,4.543698345371258
06095,Solano,6338.8,3.4792433729,3154.0,15.8,6.8579197825,2017,404429.7599434464,77133,1yr,5.243277973674645
06097,Sonoma,4690.1,3.5535546996,2592.0,14.0,5.6961514671,2017,609031.2450122024,80409,1yr,7.574167630640878
06099,Stanislaus,7078.3,4.1063902833,4820.0,26.6,6.232973141,2017,282365.57196637924,59514,1yr,4.744523506509044
06101,Sutter,6622.1,3.7707411296,4690.0,24.4,6.0978191827,2017,268522.1449348539,55062,1yr,4.8767234196878775
06103,Tehama,7473.0,4.1504665951,3790.0,32.1,5.6830803406,2017,197984.50880476137,42512,5yr,4.65714407237395
06105,Trinity,10873.3,4.1777601548,5817.0,32.1,6.1957868649,2017,246383.5228901547,36563,5yr,6.73860249132059
06107,Tulare,6922.3,4.3107092417,5032.0,36.3,6.3408049448,2017,207594.29126609743,46266,1yr,4.486972966456954
06109,Tuolumne,6985.5,3.7584105917,2359.0,21.6,5.009334163,2017,294233.13229163206,54325,5yr,5.416164423223784
06111,Ventura,4612.3,3.5046339418,3397.9999999999995,14.3,6.2928957479,2017,587789.3617124966,82857,1yr,7.094021768981458
06113,Yolo,5210.6,3.7581665407,2012.0,16.8,5.5407441753,2017,432274.25416015787,65729,1yr,6.5766138867190715
06115,Yuba,7914.2,4.0905249779,5580.0,31.7,5.9048723898,2017,251490.93635236632,63120,1yr,3.9843304238334336
06001,Alameda,4660.0793548,3.3459090873,3461.9999999999995,12.4,7.2394256202,2018,866795.5120121376,102125,1yr,8.487593752872828
06003,Alpine,,4.3640180342,,33.9,,2018,371409.1192047736,64688,5yr,5.741545869477703
06005,Amador,6213.5108186,3.5951208757,3853.0,16.8,7.2398190045,2018,333866.39145231975,61198,5yr,5.4555114783541905
06007,Butte,7285.5304554,4.1478602515,4040.9999999999995,22.9,5.9578207381,2018,299454.1581760479,51652,1yr,5.797532683653061
06009,Calaveras,7306.2014148,3.6839559469,2836.0,20.4,5.0509164969,2018,318612.29048713844,58151,5yr,5.479050927535871
06011,Colusa,5746.5299587,3.8719486651,5371.0,15.5,6.5096952909,2018,248417.4789927519,56704,5yr,4.3809515905888805
06013,Contra Costa,4702.7530912,3.4033021657,3529.9999999999995,10.3,6.8384009663,2018,626623.5780092406,101618,1yr,6.166462418166472
06015,Del Norte,8127.8842668,4.0769955833,3301.0,30.0,5.3097345133,2018,258178.17536528406,45258,5yr,5.704586490019092
06017,El Dorado,5119.9236959,3.738504263,3440.0,10.0,6.4806480648,2018,484195.5013108345,82742,1yr,5.851870891576642
06019,Fresno,6961.0063714,3.8931131154,4133.0,37.0,7.6800391478,2018,259415.6863706653,52629,1yr,4.929139568881515
06021,Glenn,7335.7779208,4.0802796138,5613.0,23.2,6.2251176258,2018,236855.98574486142,47395,5yr,4.997488885850014
06023,Humboldt,8952.8219231,4.279223942,2897.0,21.4,5.5933992133,2018,386052.740257078,50294,1yr,7.675920393229371
06025,Imperial,5655.2385912,4.1203659901,3352.0000000000005,32.9,5.5196005917,2018,220503.10366380203,48984,1yr,4.501533228478729
06027,Inyo,6345.4262708,3.832014225,2509.0,18.8,7.5136612022,2018,348644.68108016957,52874,5yr,6.59387754057135
06029,Kern,7592.548046,4.0812433519,5184.0,31.1,7.1404771761,2018,217916.691954979,51579,1yr,4.224911145136179
06031,Kings,5966.7521692,3.8405875034,4355.0,21.4,6.3791554358,2018,222655.29467379034,61663,1yr,3.6108410987754462
06033,Lake,11667.0154,4.3719859084,4171.0,29.9,6.4904780412,2018,249699.57961880998,48554,1yr,5.14271902662623
06035,Lassen,6416.0018743,3.7436918331,6648.0,19.3,7.4814126394,2018,175033.7380969918,56362,5yr,3.1055274492919307
06037,Los Angeles,4946.1516978,3.6402303376,4169.0,23.4,7.1040754089,2018,607645.7310096872,68093,1yr,8.923762075539148
06039,Madera,6592.1142681,4.2278677648,4470.0,30.3,6.3631343192,2018,259640.35671321026,56305,1yr,4.611319717844069
06041,Marin,3447.6744813,3.2956834694,2369.0,8.5,5.9742647059,2018,1118395.868521859,126373,1yr,8.849958998534964
06043,Mariposa,7338.7497819,3.8478157263,4708.0,27.6,6.4453125,2018,312445.2804220366,51199,5yr,6.102566073986535
06045,Mendocino,8000.3013339,4.1472259486,2769.0,26.8,6.0211554109,2018,473742.69992298755,51830,1yr,9.14031834696098
06047,Merced,6748.6621226,4.3295800847,5572.0,27.0,6.3701636778,2018,266639.23548048775,57745,1yr,4.617529404805399
06049,Modoc,10390.745127,4.0824047516,3452.0000000000005,30.2,6.24,2018,126550.07201054924,45149,5yr,2.8029429668552845
06051,Mono,3933.4704666,3.6624087168,2659.0,14.8,7.1638861629,2018,445006.18564489746,63018,5yr,7.061572656144236
06053,Monterey,5066.5515903,3.4901942953,2968.0,18.9,5.9181403868,2018,565416.8628135152,70681,1yr,7.999559468789565
06055,Napa,4382.8514641,3.568570562,2950.0,9.7,5.8464223386,2018,695032.033482064,87025,1yr,7.986578954117369
06057,Nevada,5913.6125693,3.6390708806,3344.0,13.7,5.8231868714,2018,468851.19897285645,66299,1yr,7.071768789466756
06059,Orange,4094.3629575,3.3479358683,3061.0,14.5,6.3563525946,2018,717877.460247126,89759,1yr,7.997832643491193
06061,Placer,4740.8561038,3.4100916984,3059.0,7.6,5.6592206598,2018,493129.14034600835,88592,1yr,5.566294251693249
06063,Plumas,9548.6050922,3.9158940134,4720.0,22.6,8.3557951482,2018,262879.338570808,53270,5yr,4.934847729881885
06065,Riverside,5587.4210996,3.5608008416,3858.0,20.9,6.5665723977,2018,381693.66111715796,66964,1yr,5.699982992610328
06067,Sacramento,6240.3360832,3.8495857001,3708.0,23.1,6.8393797415,2018,378297.88760884706,69767,1yr,5.422304063652544
06069,San Benito,4752.1158624,3.5386356399,4691.0,14.6,6.351981352,2018,594349.8312911581,81977,5yr,7.250202267601377
06071,San Bernardino,6562.4666813,3.9313351668,4644.0,25.7,7.2135207714,2018,345069.22812876344,63857,1yr,5.403780762152363
06073,San Diego,4658.1893905,3.6547747517,2971.0,16.4,6.4767066668,2018,593281.6230137177,79079,1yr,7.50239157062833
06075,San Francisco,4568.8082733,3.2302780125,3194.0,11.3,6.9970147348,2018,1316706.5600855432,112376,1yr,11.716973019911219
06077,San Joaquin,7156.0309739,4.0001332864,4477.0,19.1,7.1466696632,2018,378227.43185838097,64119,1yr,5.898835475574805
06079,San Luis Obispo,5326.4225449,3.7104546616,2373.0,11.1,5.8641640447,2018,605724.0257619842,71148,1yr,8.513577693849218
06081,San Mateo,3552.4944375,2.9481156081,2189.0,7.7,6.854074542,2018,1345782.9597976585,124425,1yr,10.816017358229121
06083,Santa Barbara,4854.6894658,3.4611946276,2411.0,16.4,6.1680512461,2018,598191.7079702796,77472,1yr,7.721392347819594
06085,Santa Clara,3621.6544721,2.9005243314,2770.0,10.4,6.9438900783,2018,1188165.7101587004,126606,1yr,9.38475040802727
06087,Santa Cruz,5108.3272322,3.8838007296,3278.0,15.2,5.6251185733,2018,820395.372989467,86941,1yr,9.43623115664033
06089,Shasta,8811.0861999,4.1248436634,3336.0,24.6,6.1524774158,2018,261411.27169436825,56280,1yr,4.644834251854446
06091,Sierra,,3.8036950415,2708.0,20.4,6.7073170732,2018,216147.28158769142,48125,5yr,4.491372084939043
06093,Siskiyou,9534.1354351,4.2493289001,2851.0,27.3,7.7663870767,2018,200632.55098992598,44200,5yr,4.53919798619742
06095,Solano,6346.8528998,3.5869186858,3198.0,16.2,6.6863921688,2018,440651.61164116923,84395,1yr,5.221299977974634
06097,Sonoma,4720.2849108,3.8092630584,2842.0,11.2,5.7181260676,2018,668011.543300455,81395,1yr,8.207034133551875
06099,Stanislaus,7148.4687337,3.932331114,5379.0,19.1,6.2823231759,2018,307818.45844125137,60321,1yr,5.103006555614982
06101,Sutter,6684.0696037,3.7248318597,4956.0,24.8,6.3056218797,2018,293942.82952704054,59121,1yr,4.971885278108296
06103,Tehama,7581.91279,4.29424039,3706.0,28.8,6.0203139428,2018,214108.93626354946,42899,5yr,4.9910006355287875
06105,Trinity,10404.512145,4.3640508813,4945.0,30.9,5.641025641,2018,256898.00111289215,38497,5yr,6.673195342829107
06107,Tulare,7224.8713177,4.0179066805,5454.0,32.7,6.4844329133,2018,222390.4087829343,48817,1yr,4.555593518301705
06109,Tuolumne,7008.0574711,3.7035774811,2785.0,20.4,5.8294573643,2018,310240.7836625315,56493,5yr,5.4916677050702125
06111,Ventura,4711.9914243,3.4978018334,3714.0,12.5,6.1671232877,2018,618417.8337427091,84566,1yr,7.312842439546734
06113,Yolo,5383.6180185,3.751757963,2492.0,15.2,5.7548005908,2018,462989.7319745642,68670,1yr,6.74224161896846
06115,Yuba,8548.2575844,4.0164069821,6130.0,23.8,6.1015753586,2018,276465.94396211434,46574,1yr,5.936057542021607
06001,Alameda,4497.4517815,3.3459090873,3047.0,10.5,7.2838529927,2019,867158.4890483906,108322,1yr,8.005377384542296
06003,Alpine,,4.3640180342,,35.3,,2019,383770.9265002096,63750,5yr,6.019936101964072
06005,Amador,6101.441276,3.5951208757,2752.0,15.7,7.1287128713,2019,344431.77175839664,62772,5yr,5.48702879880196
06007,Butte,7604.9202654,4.1478602515,4256.0,22.6,5.9823529412,2019,331320.6224805625,62563,1yr,5.295791801553034
06009,Calaveras,7329.345035,3.6839559469,2477.0,21.1,5.6193114365,2019,332113.4703447329,63158,5yr,5.258454516367411
06011,Colusa,5676.9476611,3.8719486651,3398.0,15.4,6.600660066,2019,268741.3950085298,59401,5yr,4.524189744423997
06013,Contra Costa,4643.0717249,3.4033021657,3260.0,11.2,6.8851543224,2019,637618.6486921633,107135,1yr,5.951543834341376
06015,Del Norte,8953.6731104,4.0769955833,2514.0,33.9,5.702364395,2019,267769.6101989523,45283,5yr,5.91324802241354
06017,El Dorado,5358.6159827,3.738504263,2627.0,9.6,6.5309814564,2019,498525.7434551409,87059,1yr,5.7262976080030885
06019,Fresno,6944.910268,3.8931131154,4043.0,28.3,7.566661756,2019,273053.6046327558,57518,1yr,4.747272238825338
06021,Glenn,7566.3069009,4.0802796138,4963.0,20.8,6.1737523105,2019,259062.61020954468,49633,5yr,5.219563802501253
06023,Humboldt,9087.166241,4.279223942,2676.0,24.7,5.593518157,2019,403469.80040583597,51662,1yr,7.809798312218574
06025,Imperial,6040.0298511,4.1203659901,3749.0,28.1,5.4273324941,2019,235830.7655395718,48472,1yr,4.8652988434471816
06027,Inyo,7913.3408712,3.832014225,1710.0,17.6,7.6767676768,2019,366084.72113848774,57316,5yr,6.3871296171834695
06029,Kern,7822.443712,4.0812433519,4824.0,29.0,7.2314619131,2019,229770.91836628786,53067,1yr,4.329826791909998
06031,Kings,6016.6870133,3.8405875034,5327.0,24.5,6.3703882616,2019,234108.94284641233,58453,1yr,4.005080027482119
06033,Lake,11578.018825,4.3719859084,3782.0,30.1,6.5351894818,2019,264076.18215285527,47138,1yr,5.602193180721611
06035,Lassen,7294.8005195,3.7436918331,3968.0,18.0,7.7861163227,2019,183800.82653360884,56352,5yr,3.261655780338033
06037,Los Angeles,5007.6549713,3.6402303376,4285.0,20.9,7.0976820669,2019,629659.2755792065,72797,1yr,8.649522309699666
06039,Madera,6643.2037921,4.2278677648,3592.0,28.6,6.2629043359,2019,273986.727347657,64827,1yr,4.226429224669613
06041,Marin,3133.0033055,3.2956834694,2136.0,8.2,5.8874405387,2019,1119551.2337395581,110843,1yr,10.10033320768617
06043,Mariposa,8610.4287028,3.8478157263,2801.0,21.2,6.7647058824,2019,322106.82933513896,48820,5yr,6.597845746315833
06045,Mendocino,7756.2745672,4.1472259486,2453.0,22.8,6.4520547945,2019,496152.3052660351,51744,1yr,9.588595880991711
06047,Merced,7117.5007738,4.3295800847,5246.0,33.7,6.4353398323,2019,287825.9463367232,61167,1yr,4.705575659043655
06049,Modoc,10361.559861,4.0824047516,2747.0,29.7,6.6555740433,2019,132539.26815963312,45507,5yr,2.9125028711985657
06051,Mono,3935.1253957,3.6624087168,2276.0,12.6,7.7909270217,2019,480020.79482736666,62260,5yr,7.7099388825468465
06053,Monterey,5235.0215235,3.4901942953,2841.0,16.2,5.9904242289,2019,590585.7331811541,77514,1yr,7.6190847225166305
06055,Napa,4547.882526,3.568570562,2627.0,8.6,5.9226190476,2019,714638.3466311726,92769,1yr,7.703417592419586
06057,Nevada,5712.7762684,3.6390708806,2329.0,14.4,6.013048845,2019,478657.39872739447,68818,1yr,6.955409903330444
06059,Orange,4158.2953849,3.3479358683,3125.0,15.7,6.2673207223,2019,720220.6414054148,95934,1yr,7.507459726535064
06061,Placer,4694.1035749,3.4100916984,2524.0,7.2,5.7162667078,2019,510722.6645881475,97723,1yr,5.226227854119783
06063,Plumas,8153.6813841,3.9158940134,3731.0,22.0,9.2459605027,2019,277049.4810821091,55359,5yr,5.004596923392928
06065,Riverside,5777.981117,3.5608008416,3715.0,16.2,6.6238469809,2019,394332.6271260511,73260,1yr,5.382645742916341
06067,Sacramento,6373.7545444,3.8495857001,3428.0,18.2,6.8672597371,2019,390917.70740095177,72017,1yr,5.428130960758596
06069,San Benito,5253.2199296,3.5386356399,3985.0,11.9,6.3337866718,2019,609834.4888042404,86958,5yr,7.012977400632954
06071,San Bernardino,6709.3598218,3.9313351668,4519.0,23.0,7.2480234151,2019,357801.077028552,67903,1yr,5.269297041788316
06073,San Diego,4611.3504296,3.6547747517,3183.0,15.7,6.4861398836,2019,603028.5245463356,83985,1yr,7.180193183858255
06075,San Francisco,4384.419376,3.2302780125,3018.0,12.3,6.9827819633,2019,1319208.5892248352,123859,1yr,10.65089003806615
06077,San Joaquin,7218.5943993,4.0001332864,3915.0,21.6,7.2336986573,2019,394918.636706421,68997,1yr,5.72370735983334
06079,San Luis Obispo,5351.8147503,3.7104546616,2142.0,12.3,5.9236122527,2019,614835.0090296178,77265,1yr,7.957484100558051
06081,San Mateo,3469.7978306,2.9481156081,2254.0,7.0,6.8037949454,2019,1339933.3660717774,138500,1yr,9.674609141312473
06083,Santa Barbara,5014.7669451,3.4611946276,1965.0,17.4,6.3971366638,2019,607442.1620690209,75653,1yr,8.029320212933008
06085,Santa Clara,3641.4113944,2.9005243314,2910.0,8.1,6.9240881715,2019,1190625.4175825461,133076,1yr,8.946958261313432
06087,Santa Cruz,4699.1485239,3.8838007296,2690.0,13.7,5.6885644769,2019,820297.3660228606,89269,1yr,9.189050689745159
06089,Shasta,9004.6017568,4.1248436634,3291.0,22.9,6.3518365093,2019,276682.85869450984,63091,1yr,4.385456859052953
06091,Sierra,,3.8036950415,3416.0,20.2,8.6705202312,2019,229261.1225269471,52148,5yr,4.396355038102077
06093,Siskiyou,9510.9383215,4.2493289001,2861.0,25.7,7.797452625,2019,214555.4878225463,45241,5yr,4.742501001802487
06095,Solano,6099.5961161,3.5869186858,3630.0,14.0,6.72111246,2019,454246.30180821713,86652,1yr,5.242190622353981
06097,Sonoma,4822.9556464,3.8092630584,2490.0,10.9,5.6605932325,2019,665596.2218719922,87828,1yr,7.578405768911876
06099,Stanislaus,7247.9849565,3.932331114,4408.0,18.6,6.3718604259,2019,323975.54441301915,63037,1yr,5.139450551470075
06101,Sutter,6973.2099905,3.7248318597,4294.0,18.2,6.4509051015,2019,309157.2069474656,62777,1yr,4.924689089116486
06103,Tehama,8122.4555793,4.29424039,3104.0,29.0,6.0634155387,2019,233419.26019547056,53475,1yr,4.365016553444985
06105,Trinity,11256.909302,4.3640508813,2596.0,32.1,4.8811013767,2019,253865.32666904444,40846,5yr,6.215182066029586
06107,Tulare,7303.1420504,4.0179066805,4171.0,31.9,6.6121323182,2019,234468.3355245066,57692,1yr,4.064139491168734
06109,Tuolumne,7653.113045,3.7035774811,2734.0,17.5,5.9538653367,2019,318846.6913434504,60108,5yr,5.304563308435656
06111,Ventura,4764.7697641,3.4978018334,3274.0,13.2,6.1178322022,2019,627209.2112014426,92236,1yr,6.800047825159836
06113,Yolo,5160.4666866,3.751757963,2441.0,14.1,5.8672708843,2019,477569.31872595794,71417,1yr,6.687053764873321
06115,Yuba,9470.1542203,4.0164069821,4842.0,21.9,6.4516129032,2019,294612.9937820961,58765,1yr,5.013409236485937
06001,Alameda,4408.5910489,3.1839105458,3298.0,9.8,7.2587957251,2020,885568.7623901521,,,
06003,Alpine,,4.4183369542,2480.0,34.7,,2020,396117.66840730543,85750,5yr,4.619448028073533
06005,Amador,6363.8656948,3.7410673537,3115.0,13.8,6.8126520681,2020,352374.56329503894,65187,5yr,5.405595644761056
06007,Butte,7784.4961042,4.3533626566,4656.0,20.1,6.0342803475,2020,349164.48128281813,,,
06009,Calaveras,7345.8857981,3.9241935989,3050.0,17.5,5.7408844065,2020,342720.1660953625,67054,5yr,5.111106959992879
06011,Colusa,6556.2787052,4.0168093669,3534.0,14.1,6.3248682319,2020,285418.8918692314,59427,5yr,4.802848736588275
06013,Contra Costa,4623.5095352,3.6280809208,3379.0,9.2,6.8385624112,2020,663783.2385571079,,,
06015,Del Norte,8954.9014012,4.3955793889,2869.0,26.6,5.5133079848,2020,289892.36773607816,49981,5yr,5.800051374243775
06017,El Dorado,5164.5473544,3.8309239082,3277.0,9.0,6.5867723914,2020,509075.5609822546,,,
06019,Fresno,7006.6159427,3.9173260969,4172.0,30.2,7.5623649578,2020,287370.641663529,,,
06021,Glenn,7364.3106766,4.1044470774,5716.0,18.6,6.3083240015,2020,281623.2117388562,51682,5yr,5.449154671623703
06023,Humboldt,8994.0565643,4.5655944713,2855.0,23.2,5.8070866142,2020,416224.33114850585,,,
06025,Imperial,6213.3986322,4.0994936806,3679.0,30.2,5.5251250298,2020,253153.0710157881,,,
06027,Inyo,8740.0101163,3.8840787694,2288.0,15.1,8.0388080388,2020,385676.15788103687,59296,5yr,6.504252527675338
06029,Kern,7923.0215081,4.0890409968,4914.0,27.4,7.2506989748,2020,244827.19296349477,,,
06031,Kings,6356.8669362,4.0915879666,4781.0,23.2,6.3611196555,2020,248460.31571986186,,,
06033,Lake,11305.466803,4.4987096206,3379.0,26.3,6.5906455354,2020,274201.0870837627,,,
06035,Lassen,7125.9207184,3.9335458748,4434.0,15.8,7.6061595894,2020,194611.2179080431,56971,5yr,3.415969842692652
06037,Los Angeles,5017.5431691,3.6164943274,4346.0,19.9,7.1338268569,2020,664103.9050144218,,,
06039,Madera,6650.6452874,4.295986281,3584.0,28.5,6.2958942596,2020,291522.92925643077,,,
06041,Marin,3206.6318035,3.4480038058,2012.0,6.4,5.7885484681,2020,1158051.9051266457,,,
06043,Mariposa,8231.0448737,4.0962698899,3317.0,23.2,7.183908046,2020,335693.33763050055,50960,5yr,6.587388885998833
06045,Mendocino,7749.67295,4.2479301328,2743.0,25.5,6.3770147162,2020,516300.6994577491,,,
06047,Merced,6775.7437047,4.201624551,5413.0,28.5,6.2765700066,2020,304340.5399877015,,,
06049,Modoc,10076.65162,4.3181042521,3131.0,27.2,6.9692058347,2020,134258.86323642175,51250,5yr,2.6196851363204243
06051,Mono,3369.6016286,3.7676376128,2685.0,11.6,8.1735620585,2020,511901.3189398734,64924,5yr,7.884623851578359
06053,Monterey,5175.9192872,4.0516011737,3224.0,19.2,6.1062107848,2020,625728.8586069475,,,
06055,Napa,4646.0857462,3.7810301889,2743.0,8.9,6.0858819895,2020,735660.135538252,,,
06057,Nevada,5835.2399112,3.8945528337,2300.0,13.7,5.7529908515,2020,493990.44900638727,,,
06059,Orange,4199.1366307,3.2749558627,3107.0,13.3,6.2071432377,2020,753483.3307515696,,,
06061,Placer,4522.6949673,3.5038457879,2264.0,7.2,5.6916873449,2020,534581.4681394802,,,
06063,Plumas,8700.6760216,4.0742319898,3349.0,19.6,9.3357271095,2020,288584.2540349836,57233,5yr,5.042270264270326
06065,Riverside,5796.962999,4.1359703838,3750.0,17.1,6.7514905239,2020,415195.1167355506,,,
06067,Sacramento,6339.7496513,3.9607701234,3917.0,20.5,6.8889019481,2020,415982.2887967427,,,
06069,San Benito,5148.1810351,3.7660100579,3669.0,11.9,6.3615205586,2020,635165.3951089641,85808,5yr,7.4021699038430455
06071,San Bernardino,6762.5514735,3.8702234471,4585.0,21.4,7.3486325825,2020,378939.7127587211,,,
06073,San Diego,4641.05997,3.455539305,3121.0,14.9,6.5536896115,2020,635753.3187004031,,,
06075,San Francisco,4269.7004184,3.3662375967,3213.0,10.9,6.9829415801,2020,1360402.1368562176,,,
06077,San Joaquin,7155.2242935,3.7004825948,3961.0,20.5,7.2566599092,2020,415160.1245205908,,,
06079,San Luis Obispo,5271.2259578,3.9509801624,2270.0,10.8,5.8966834616,2020,638595.9383434898,,,
06081,San Mateo,3367.8110377,3.0787713515,2135.0,7.0,6.7309708534,2020,1372452.8857134718,,,
06083,Santa Barbara,5042.4450983,3.7143804397,2161.0,14.7,6.4721363416,2020,634205.4344302717,,,
06085,Santa Clara,3579.0807063,2.8790731347,2977.0,7.1,6.9365345245,2020,1207426.1340087235,,,
06087,Santa Cruz,4622.3917405,3.9120409632,2792.0,14.5,5.782364547,2020,847123.9820972028,,,
06089,Shasta,9014.3139037,4.2996385264,3393.0,18.2,6.3136738513,2020,292891.2161866705,,,
06091,Sierra,,3.9954187376,3101.0,18.0,8.1395348837,2020,243681.66070787454,52103,5yr,4.676921879889345
06093,Siskiyou,9455.1533337,4.4205368709,3256.0,24.2,8.1004709576,2020,224129.9428559188,47403,5yr,4.728180555153024
06095,Solano,6149.0383397,3.70098803,3456.0,10.2,6.8052825383,2020,473462.4808608724,,,
06097,Sonoma,4779.2582374,3.9567461917,2710.0,11.7,5.7694547996,2020,674542.3088240682,,,
06099,Stanislaus,7163.5505852,4.42379587,4613.0,21.4,6.4151655192,2020,344282.1250642593,,,
06101,Sutter,7136.0381906,3.8930773404,4285.0,18.0,6.6026278017,2020,332894.81607411045,,,
06103,Tehama,8847.4706238,4.5137484163,3433.0,24.2,6.0774504354,2020,255558.1054076881,48895,5yr,5.2266715493954
06105,Trinity,11187.237833,4.462222079,2912.0,31.3,6.0913705584,2020,267634.5860778487,41780,5yr,6.405806272806335
06107,Tulare,7209.0187819,4.7128243317,4469.0,28.6,6.7067645982,2020,248623.67447353931,,,
06109,Tuolumne,7518.9026826,3.8737993841,2464.0,16.5,6.1938680706,2020,318843.723650185,60509,5yr,5.269360320781784
06111,Ventura,4694.6479676,3.7469855478,3359.0,12.4,6.0593865877,2020,651680.7949950623,,,
06113,Yolo,4795.4639776,4.0171729674,2878.0,15.2,5.6984184474,2020,495233.7951856235,,,
06115,Yuba,9637.6553819,4.0792669518,4921.0,21.8,6.6537857747,2020,317800.1551232739,,,
06001,Alameda,4341.1728267,3.9880290145,3023.0,9.8,7.2056924971,2021,1031908.5768096712,109729,1yr,9.40415548131917
06003,Alpine,,4.9894394376,3018.0,29.6,,2021,469662.65264835255,96000,5yr,4.892319298420339
06005,Amador,6203.8883539,4.4930309348,2802.0,12.5,6.4997592682,2021,408491.4265806049,69955,5yr,5.839345673370094
06007,Butte,7577.9065977,5.0687201333,4748.0,16.1,6.0865940087,2021,391196.6885698261,64738,1yr,6.042767595072848
06009,Calaveras,7867.4467053,4.722684653,2536.0,19.6,6.0318664643,2021,420541.0077503186,70119,5yr,5.997532876257771
06011,Colusa,6576.0698843,4.6625533153,4095.0,15.3,6.1355764473,2021,327983.721738672,61861,5yr,5.301946650372157
06013,Contra Costa,4619.1950862,4.0949381958,3222.0,9.9,6.9424309031,2021,782100.4126853371,111080,1yr,7.0408751592126135
06015,Del Norte,8783.3550922,5.1648304003,2997.0,25.8,5.8908045977,2021,323778.34564553,53280,5yr,6.076920901755442
06017,El Dorado,4818.8844887,4.0938505553,3131.0,9.1,6.6342605095,2021,610437.5529021561,87491,1yr,6.977146825412398
06019,Fresno,7008.1968758,4.67192043,3839.0,29.0,7.5962023749,2021,334751.5647166832,63656,1yr,5.258759028476234
06021,Glenn,7522.8961048,4.8893361981,5079.0,18.1,6.5337763012,2021,320007.92970654316,56332,5yr,5.680748592390527
06023,Humboldt,8732.6240991,5.1904568189,2961.0,20.5,5.9261465158,2021,451153.816814075,54752,1yr,8.239951359111538
06025,Imperial,5980.0516352,4.6778900511,3614.0,30.7,5.6366922288,2021,280826.17341877636,51809,1yr,5.4204129286181235
06027,Inyo,7746.8175792,4.4578045628,2118.0,15.4,7.6923076923,2021,438563.9568397804,60925,5yr,7.198423583746909
06029,Kern,8031.3770962,4.6611399232,4466.0,26.0,7.4252255104,2021,285047.63421604346,58217,1yr,4.896295484412517
06031,Kings,6595.0736714,4.8202421868,4114.0,22.3,6.4264301774,2021,288641.9686912753,62155,1yr,4.643905859404316
06033,Lake,11656.95136,5.1522516547,3652.0,25.2,6.7064945076,2021,316600.6342935591,61221,1yr,5.171438465453996
06035,Lassen,6814.1306162,4.8224445509,3561.0,15.0,8.0831408776,2021,224181.99750242685,59292,5yr,3.7809822151795665
06037,Los Angeles,5005.0111192,4.2638464583,4053.0,18.3,7.1934224499,2021,757552.9305312386,77456,1yr,9.780429282834623
06039,Madera,6777.9989315,4.9077936053,3386.0,26.1,6.1820300363,2021,344348.5988503826,63454,1yr,5.426743764780512
06041,Marin,3238.9973763,3.5982321018,2101.0,7.2,5.8621129094,2021,1348913.8404518839,118209,1yr,11.411261752082192
06043,Mariposa,7089.7760493,4.6753022757,2908.0,21.9,6.5541211519,2021,398204.73842950835,53304,5yr,7.470447591728733
06045,Mendocino,7754.07372,4.8205155402,2805.0,20.4,6.6319142774,2021,582469.1207032778,59444,1yr,9.798619216460496
06047,Merced,6592.9948408,5.0073489417,5004.0,22.5,6.1954686181,2021,359654.0841511024,53992,1yr,6.661247669119544
06049,Modoc,9281.8010885,5.0825826314,3327.0,31.0,7.0063694268,2021,157376.03835781035,51090,5yr,3.0803687288669086
06051,Mono,3978.7872276,4.2925970322,2297.0,12.0,8.2995951417,2021,611385.3237156279,71138,5yr,8.594356373747194
06053,Monterey,5072.4507764,4.3566349517,3162.0,18.4,6.1647483847,2021,730699.4997516765,82163,1yr,8.893291381177372
06055,Napa,4401.2936801,3.9981254878,2795.0,8.4,5.9106601109,2021,834244.8010113178,97213,1yr,8.581617695280649
06057,Nevada,6068.4056895,4.328205098,2285.0,13.5,5.8833860204,2021,598212.1957941017,79519,1yr,7.522883786190743
06059,Orange,4144.3284058,3.7925249386,2832.0,12.6,6.2767661829,2021,858388.3120309636,100559,1yr,8.53616595263441
06061,Placer,4471.2396564,3.7989254555,1991.0,7.5,5.6897019495,2021,631941.2869931514,103659,1yr,6.096347514380337
06063,Plumas,8708.5106803,4.5553150715,3911.0,19.3,9.3333333333,2021,340887.73978581803,57885,5yr,5.889051391307214
06065,Riverside,5842.4339642,4.3868611473,3564.0,14.1,6.8172962676,2021,498912.6314360826,79024,1yr,6.313431760428257
06067,Sacramento,6381.6141766,4.4899938389,3603.0,16.0,6.9304229195,2021,491343.5961501652,80063,1yr,6.136962094227861
06069,San Benito,5385.5886075,4.2631666142,3349.0,13.9,6.5689261234,2021,748269.6511098584,101923,1yr,7.34151909882812
06071,San Bernardino,6845.5852838,4.5204284838,4170.0,18.5,7.4374072524,2021,451322.74512687646,74846,1yr,6.030018239142726
06073,San Diego,4633.6240395,4.0308973658,2974.0,12.8,6.6173700875,2021,747070.0464290367,91003,1yr,8.209290313825221
06075,San Francisco,4315.4324137,3.9440995165,2921.0,9.3,7.0034017444,2021,1403577.167060742,121826,1yr,11.521162699758195
06077,San Joaquin,7275.2181111,4.3806236818,3599.0,18.2,7.3989332037,2021,494912.63432638865,80681,1yr,6.134190631330656
06079,San Luis Obispo,5152.9718934,4.4556847861,2170.0,11.2,6.0411669549,2021,726059.9400022343,80615,1yr,9.00651169140029
06081,San Mateo,3296.8515102,3.5788877997,1880.0,6.3,6.6945263848,2021,1495454.0272049888,131796,1yr,11.346733035941824
06083,Santa Barbara,5199.8256215,4.3470455167,1991.0,13.1,6.5210161426,2021,746559.4780622305,84846,1yr,8.798994390569154
06085,Santa Clara,3493.9622062,3.4122533766,2829.0,5.5,6.9766117757,2021,1373167.315875565,141562,1yr,9.700112430423172
06087,Santa Cruz,4675.0659651,4.2841812491,2490.0,10.4,5.8423557717,2021,1010650.8562067194,93933,1yr,10.759273697281248
06089,Shasta,9066.6909734,4.7596141559,2890.0,16.5,6.4477569962,2021,340853.1792836729,61125,1yr,5.576330131430232
06091,Sierra,,4.6999594178,2310.0,18.4,8.5227272727,2021,289154.69099843776,56152,5yr,5.1494994122816244
06093,Siskiyou,9929.0420635,4.9296435145,2659.0,25.5,8.5522101217,2021,268043.06744057516,49857,5yr,5.376237387740441
06095,Solano,6158.8331689,4.1638219845,3339.0,11.2,6.8682003156,2021,546047.4986850119,87770,1yr,6.221345547282806
06097,Sonoma,4802.8274583,4.2995627415,2599.0,7.7,5.7758723354,2021,742965.0645711125,94295,1yr,7.87915652549035
06099,Stanislaus,7117.3449008,4.7912611183,4480.0,17.1,6.341334141,2021,406849.9731645557,73982,1yr,5.499310280400039
06101,Sutter,7101.7907955,4.8789003414,3919.0,17.4,6.7736579967,2021,393241.6484217274,64251,1yr,6.120397323337029
06103,Tehama,9503.3680524,5.0173449114,3837.0,23.7,6.0100166945,2021,297250.6513236709,48810,1yr,6.089953930007599
06105,Trinity,13183.42622,5.1191879106,2132.0,25.3,6.2251655629,2021,307982.5146494557,42206,5yr,7.297126348136657
06107,Tulare,6953.3895964,4.7613547492,3923.0,25.8,6.9268176966,2021,290767.4289797821,58209,1yr,4.995231475884864
06109,Tuolumne,7774.4136126,4.7607850457,2220.0,15.2,6.3928350834,2021,370313.441710491,66846,5yr,5.5397995648279785
06111,Ventura,4654.1452841,4.1614245714,3067.0,11.4,6.0908755079,2021,747540.6728819129,96454,1yr,7.750229880377308
06113,Yolo,4616.9534698,4.2690226821,2454.0,13.0,5.8001484047,2021,565591.4370104264,78146,1yr,7.2376249201549205
06115,Yuba,9487.8886244,4.6870851796,5032.0,18.8,6.8195607329,2021,376863.2438415044,63303,1yr,5.953323599853157
06001,Alameda,4650.6551303,3.6119805659,2783.0,9.1,7.1549347266,2022,1159465.8009252108,122159,1yr,9.49144803841887
06003,Alpine,,4.7575514689,,24.5,,2022,530400.6189320782,101125,5yr,5.24499993999583
06005,Amador,6929.9881092,4.429201176,2475.0,13.0,5.9894585529,2022,448810.329632232,74853,5yr,5.995889672187247
06007,Butte,7851.2794904,4.6889900241,4754.0,18.7,6.0674569229,2022,423267.1242918626,64426,1yr,6.569818462916564
06009,Calaveras,7892.1018755,4.6201429274,2477.0,16.1,6.3653483992,2022,471525.5426230692,77526,5yr,6.082160083366473
06011,Colusa,6877.0321025,4.3981085554,4730.0,12.9,6.0,2022,360793.1624365722,69619,5yr,5.182395070836585
06013,Contra Costa,4994.8054158,3.7859476397,2959.0,7.9,6.9541829628,2022,863539.4990037851,120061,1yr,7.192506300995203
06015,Del Norte,9204.8630085,4.8674659882,2595.0,23.4,6.1515748031,2022,358599.46802253596,61149,5yr,5.864355394569592
06017,El Dorado,5328.9889366,4.1929636996,2985.0,8.8,6.7028985507,2022,677513.9594679725,105982,1yr,6.392726684417849
06019,Fresno,7511.3445697,4.4837568047,3649.0,23.1,7.5187678222,2022,385845.3847026722,69571,1yr,5.546066388332383
06021,Glenn,7905.2663038,4.6838717016,5270.0,17.2,6.071964018,2022,352522.73975046555,64033,5yr,5.505329123271837
06023,Humboldt,8529.8172403,4.8590441321,2970.0,18.8,5.9741054134,2022,493517.5444018249,57883,1yr,8.526122426305218
06025,Imperial,7110.5468967,4.4559691194,3190.0,24.9,5.7435689279,2022,308285.693068825,57310,1yr,5.379265277766969
06027,Inyo,8003.8632962,4.3713665593,2948.0,14.6,7.7941176471,2022,491008.10407292144,63417,5yr,7.742531246714941
06029,Kern,8735.144014,4.6189176467,4040.0,24.6,7.3745107316,2022,330572.2794698161,66234,1yr,4.990975623846001
06031,Kings,6863.0811042,4.4745691256,3825.0,17.8,6.3516068053,2022,327814.7274687771,64368,1yr,5.092821393685948
06033,Lake,11558.925676,4.904521693,3324.0,22.2,6.8349514563,2022,347079.6910466805,51259,1yr,6.771097583774176
06035,Lassen,7623.7045102,4.5966073957,3392.0,15.7,8.1006864989,2022,234176.17032063997,59515,5yr,3.9347420032032256
06037,Los Angeles,5557.720209,4.0502942756,3637.0,17.2,7.229728896,2022,846369.0675194728,82516,1yr,10.25702975810113
06039,Madera,7197.3595823,4.6569018722,3175.0,18.8,6.2635414615,2022,395331.3819010652,76920,1yr,5.1395135452556575
06041,Marin,3554.6932114,3.6517986964,1690.0,5.8,5.5782048793,2022,1512270.2188273023,136214,1yr,11.102164379779628
06043,Mariposa,7490.3843112,4.6607904722,3347.0,18.5,6.7472306143,2022,430375.42797866394,60021,5yr,7.170414154690257
06045,Mendocino,8620.4445503,4.627371749,2468.0,18.9,6.6982108532,2022,593648.0000107421,65520,1yr,9.060561660725613
06047,Merced,7371.85709,4.6088441013,4528.0,22.8,6.0834464528,2022,417755.5182461945,66164,1yr,6.313939880391066
06049,Modoc,10678.907593,5.0059749107,3140.0,28.1,7.5829383886,2022,175042.91291386914,54962,5yr,3.184798823075382
06051,Mono,3314.891816,4.2501833427,2144.0,9.6,7.7083333333,2022,749541.8166728077,82038,5yr,9.136519864852966
06053,Monterey,5291.7849862,4.2401791056,3206.0,15.0,6.2304557946,2022,822959.6849950211,92840,1yr,8.864279243806775
06055,Napa,4617.5779552,3.9074710704,2347.0,8.7,5.6676685273,2022,911461.4749932998,100318,1yr,9.085722153484916
06057,Nevada,6752.8032265,4.334334002,2329.0,11.0,5.8906775164,2022,655049.0990237388,78401,1yr,8.355111529492465
06059,Orange,4400.6685473,3.8039861938,2432.0,10.3,6.2647254989,2022,1010240.2915100782,106209,1yr,9.511814361401372
06061,Placer,4579.3611449,3.9979279761,1957.0,6.2,5.7755388941,2022,714657.0079587401,105445,1yr,6.777533386682537
06063,Plumas,10122.549281,4.5711175803,3502.0,18.3,9.4986807388,2022,380215.876407848,67885,5yr,5.600882027072961
06065,Riverside,6381.160543,4.2014528718,3313.0,14.5,6.8062801673,2022,591211.1298940344,86748,1yr,6.815271013672181
06067,Sacramento,6667.2004836,4.266890057,3232.0,16.8,7.0375225299,2022,555493.3932182369,84211,1yr,6.5964469394525285
06069,San Benito,5285.4462036,4.0638299855,2575.0,9.3,6.529209622,2022,828036.4344592855,111544,1yr,7.4234063191143
06071,San Bernardino,7723.7035076,4.2621720074,4002.0,19.7,7.5160979763,2022,526060.6552214464,79091,1yr,6.6513339725309635
06073,San Diego,4926.2220448,3.9535129144,2774.0,11.0,6.6510283468,2022,875379.4939771424,98928,1yr,8.8486524945126
06075,San Francisco,4811.4461331,3.4745241115,2695.0,9.4,6.9918991311,2022,1454592.9792239992,136692,1yr,10.641390712141158
06077,San Joaquin,7767.5625423,4.3400820352,3410.0,17.4,7.371813234,2022,560499.0420407547,86056,1yr,6.513189574704317
06079,San Luis Obispo,5260.3680172,4.1742303793,1864.0,9.2,5.9597391551,2022,831474.8649752684,90216,1yr,9.216490034752908
06081,San Mateo,3503.8321681,3.443239532,1753.0,5.6,6.7501251878,2022,1640241.0440185806,145388,1yr,11.281818609641652
06083,Santa Barbara,5333.9694373,4.1152872879,1846.0,12.6,6.5904801303,2022,894561.5188482977,90894,1yr,9.841810447865619
06085,Santa Clara,3682.6789392,3.354822442,2508.0,6.5,6.9464872325,2022,1570346.9023819685,150839,1yr,10.410748562254911
06087,Santa Cruz,5048.3435227,4.1049821114,2224.0,10.6,5.8147103493,2022,1164157.931784982,102146,1yr,11.396999704197738
06089,Shasta,9500.3016323,4.8158044966,2563.0,18.3,6.4224137931,2022,377653.8346452675,68276,1yr,5.531282363425912
06091,Sierra,,4.7377277718,3135.0,13.5,9.5744680851,2022,327513.19981865084,61108,5yr,5.359579757456484
06093,Siskiyou,10618.122156,4.864003624,2353.0,20.2,8.5182767624,2022,298835.0362551973,53898,5yr,5.544455012341781
06095,Solano,6402.2245159,4.0658580956,2861.0,10.8,6.7639997767,2022,606853.039047131,92959,1yr,6.52817950975302
06097,Sonoma,5096.9645797,4.0694454436,2466.0,8.6,5.8358902695,2022,801012.1346509572,96830,1yr,8.272355000009885
06099,Stanislaus,7821.0028898,4.4765593128,4171.0,17.1,6.375665922,2022,458916.71899335453,75886,1yr,6.047449055074118
06101,Sutter,7515.2232465,4.527405229,3042.0,16.2,6.7704280156,2022,442927.91330087767,65018,1yr,6.812389081498626
06103,Tehama,9623.432093,4.9914773815,3731.0,17.2,6.1098654709,2022,326254.16150028066,58884,1yr,5.540624983022225
06105,Trinity,14307.233951,5.0660920298,1784.0,26.4,5.8355437666,2022,319117.46636192076,47317,5yr,6.744245543080093
06107,Tulare,7363.5224669,4.706971154,3428.0,23.0,6.9443884341,2022,333245.67947875697,64722,1yr,5.148877962342897
06109,Tuolumne,8067.273583,4.5736096964,2127.0,13.4,6.7046173308,2022,417330.148034123,70432,5yr,5.925291742874304
06111,Ventura,4737.3251185,3.9306425049,2973.0,11.7,6.1020314648,2022,842218.614555195,102569,1yr,8.21123940523155
06113,Yolo,4742.417338,4.1556029362,2420.0,11.3,5.8319478194,2022,635492.9524488911,83875,1yr,7.5766670932803715
06115,Yuba,9162.9929404,4.6471825051,4100.0,19.2,6.7719813862,2022,425276.7846419968,65052,1yr,6.537489771905503
06001,Alameda,4650.6551303,4.5210017681,2172.0,9.9,7.1549347266,2023,1088702.2519507075,119931,1yr,9.077738465873773
06003,Alpine,,4.9040330715,1263.0,27.2,,2023,515610.0733264697,110781,5yr,4.654318640619508
06005,Amador,6929.9881092,4.9338321352,1768.0,13.5,5.9894585529,2023,431375.33420208475,81526,5yr,5.291260876310438
06007,Butte,7851.2794904,5.2255282082,3725.0,18.3,6.0674569229,2023,402223.9234913665,63222,1yr,6.3620879360249045
06009,Calaveras,7892.1018755,5.0166993061,1951.0,18.3,6.3653483992,2023,450472.35927859176,79877,5yr,5.639575338064671
06011,Colusa,6877.0321025,4.9896128382,4123.0,15.6,6.0,2023,358269.1206731801,75149,5yr,4.767450274430533
06013,Contra Costa,4994.8054158,4.1884893398,2168.0,11.3,6.9541829628,2023,814617.9125504975,122794,1yr,6.6340204940835665
06015,Del Norte,9204.8630085,5.2535568224,1941.0,27.2,6.1515748031,2023,357752.5910630712,66780,5yr,5.357181657128949
06017,El Dorado,5328.9889366,4.709942781,2091.0,10.5,6.7028985507,2023,645630.8213951439,108594,1yr,5.945363660931026
06019,Fresno,7511.3445697,4.8236114042,3057.0,26.8,7.5187678222,2023,384809.94072230783,71689,1yr,5.367768286938134
06021,Glenn,7905.2663038,5.2969740436,3484.0,21.4,6.071964018,2023,339653.74561709,70487,5yr,4.818672175253451
06023,Humboldt,8529.8172403,5.2083993096,1920.0,23.8,5.9741054134,2023,475628.74638797337,61621,1yr,7.71861453705674
06025,Imperial,7110.5468967,4.7549133215,2250.0,21.6,5.7435689279,2023,318632.2045499279,60243,1yr,5.2891158234139715
06027,Inyo,8003.8632962,5.0765911074,2092.0,16.9,7.7941176471,2023,500492.7630302496,72432,5yr,6.909829399025978
06029,Kern,8735.144014,5.0039897956,3009.0,25.3,7.3745107316,2023,336623.2529590488,68893,1yr,4.886174980898622
06031,Kings,6863.0811042,4.8063454654,2824.0,22.6,6.3516068053,2023,332610.08520207275,66429,1yr,5.007001237442574
06033,Lake,11558.925676,5.4398253976,2185.0,25.0,6.8349514563,2023,327378.02984679944,59444,1yr,5.507335136377085
06035,Lassen,7623.7045102,4.9963793945,2841.0,20.2,8.1006864989,2023,234107.14034046783,64395,5yr,3.6354863008070164
06037,Los Angeles,5557.720209,4.6439302208,2519.0,18.4,7.229728896,2023,839262.8242648492,86587,1yr,9.692711657233177
06039,Madera,7197.3595823,5.5101970349,2638.0,27.7,6.2635414615,2023,394368.98331912624,66553,1yr,5.925637962512979
06041,Marin,3554.6932114,4.4155980747,1208.0,7.9,5.5782048793,2023,1432541.0113930888,139644,1yr,10.258521750974541
06043,Mariposa,7490.3843112,5.1094386623,2753.0,22.0,6.7472306143,2023,413637.5621374931,65378,5yr,6.326861668106903
06045,Mendocino,8620.4445503,5.1561130049,2089.0,22.3,6.6982108532,2023,537992.9093305166,67454,1yr,7.975700615686491
06047,Merced,7371.85709,5.2829275113,3323.0,28.8,6.0834464528,2023,404592.3556694559,57570,1yr,7.0278331712603075
06049,Modoc,10678.907593,5.3303350316,2839.0,29.8,7.5829383886,2023,178761.37474717633,56648,5yr,3.155652004433984
06051,Mono,3314.891816,4.746069496,1785.0,12.1,7.7083333333,2023,732812.9143570921,86953,5yr,8.427689836544939
06053,Monterey,5291.7849862,4.4366134253,2346.0,15.5,6.2304557946,2023,818951.1356192688,88035,1yr,9.302563021744406
06055,Napa,4617.5779552,4.546061417,1549.0,10.1,5.6676685273,2023,907331.9802718181,104686,1yr,8.667175938251706
06057,Nevada,6752.8032265,4.8848844812,1771.0,14.7,5.8906775164,2023,618168.432677798,87998,1yr,7.024800934996227
06059,Orange,4400.6685473,4.2738986024,1722.0,11.0,6.2647254989,2023,1029539.2740139868,110042,1yr,9.355875702131794
06061,Placer,4579.3611449,4.4616313658,1557.0,7.2,5.7755388941,2023,675057.5925276192,109713,1yr,6.152940786667206
06063,Plumas,10122.549281,5.0737517717,2600.0,21.8,9.4986807388,2023,372459.69308542594,64946,5yr,5.734913514079788
06065,Riverside,6381.160543,4.9350009975,2423.0,16.0,6.8062801673,2023,587355.8369976378,90527,1yr,6.488184044513104
06067,Sacramento,6667.2004836,4.8159224533,2578.0,16.9,7.0375225299,2023,526863.5261504258,90252,1yr,5.837693637264834
06069,San Benito,5285.4462036,4.7599038964,2080.0,11.1,6.529209622,2023,774640.1854655389,107324,1yr,7.2177722174493955
06071,San Bernardino,7723.7035076,4.6473124636,2823.0,17.1,7.5160979763,2023,525981.6836914874,85069,1yr,6.183000666417701
06073,San Diego,4926.2220448,4.4513470832,2007.0,12.3,6.6510283468,2023,879522.5192792728,103674,1yr,8.483539935560245
06075,San Francisco,4811.4461331,4.2979658118,2133.0,11.7,6.9918991311,2023,1289092.270607995,126730,1yr,10.171958262510811
06077,San Joaquin,7767.5625423,4.8727199388,2427.0,15.7,7.371813234,2023,537534.459100264,87418,1yr,6.1490134651932555
06079,San Luis Obispo,5260.3680172,4.767712533,1574.0,13.8,5.9597391551,2023,847281.3250262284,90670,1yr,9.344671060176777
06081,San Mateo,3503.8321681,3.9727474938,1415.0,6.5,6.7501251878,2023,1521740.6148138558,151485,1yr,10.045487109706281
06083,Santa Barbara,5333.9694373,5.0028275962,1393.0,16.8,6.5904801303,2023,914106.4050577396,91197,1yr,10.023426264654972
06085,Santa Clara,3682.6789392,4.0410370653,1868.0,7.4,6.9464872325,2023,1500361.1599278038,154954,1yr,9.68262297151286
06087,Santa Cruz,5048.3435227,4.6085380106,1478.0,12.3,5.8147103493,2023,1117361.2568690607,105631,1yr,10.577967233757711
06089,Shasta,9500.3016323,5.2042454335,2221.0,18.0,6.4224137931,2023,368745.2615855278,75949,1yr,4.855169410861602
06091,Sierra,,5.1259921365,2975.0,16.2,9.5744680851,2023,319502.9748883162,60000,5yr,5.325049581471936
06093,Siskiyou,10618.122156,5.2726662144,1581.0,23.3,8.5182767624,2023,293387.23638400325,55499,5yr,5.286351761004761
06095,Solano,6402.2245159,4.7097775058,2248.0,12.6,6.7639997767,2023,582370.7721569316,100027,1yr,5.822135744918188
06097,Sonoma,5096.9645797,4.7487688601,1699.0,10.4,5.8358902695,2023,797939.2385000164,100707,1yr,7.923374129901759
06099,Stanislaus,7821.0028898,5.0501484941,3229.0,19.4,6.375665922,2023,445870.7406041557,82758,1yr,5.387645189639137
06101,Sutter,7515.2232465,4.9379498424,3078.0,22.3,6.7704280156,2023,427349.57747504395,74727,1yr,5.718810837783451
06103,Tehama,9623.432093,5.3206443047,2721.0,20.6,6.1098654709,2023,311043.0468681249,55128,1yr,5.642197193225311
06105,Trinity,14307.233951,5.3971050566,1810.0,29.2,5.8355437666,2023,293130.79246634553,53498,5yr,5.4792850661023875
06107,Tulare,7363.5224669,4.6012800754,2466.0,24.4,6.9443884341,2023,335487.87703984935,73097,1yr,4.589625799141543
06109,Tuolumne,8067.273583,4.9341047411,1666.0,17.3,6.7046173308,2023,403956.73802472936,72259,5yr,5.590400338016432
06111,Ventura,4737.3251185,4.4309021529,2112.0,12.1,6.1020314648,2023,837938.2656260297,107667,1yr,7.782684254470076
06113,Yolo,4742.417338,4.6333375066,1895.0,11.6,5.8319478194,2023,615632.1067207794,93203,1yr,6.605282090928183
06115,Yuba,9162.9929404,5.1037957844,3536.0,21.9,6.7719813862,2023,412375.191777786,80396,1yr,5.129299862900965
06001,Alameda,4981.2133943,5.0707797597,2102.0,10.3,7.3041569925,2024,1143815.8451447492,129130,1yr,8.857862968673036
06003,Alpine,,5.5417637012,921.0,26.6,,2024,509959.94981922273,105521,5yr,4.832781624692931
06005,Amador,7465.0938704,5.505525309,1514.0,12.0,5.9424326834,2024,432739.62731176574,88044,5yr,4.9150382457835375
06007,Butte,8799.8476478,5.7574983538,3527.0,18.7,6.237463604,2024,398028.1874921928,65221,1yr,6.1027611887611775
06009,Calaveras,8756.5358626,5.8072538197,1865.0,16.2,6.520119225,2024,451594.0667942665,78647,5yr,5.74203805350829
06011,Colusa,6260.5971767,5.4993333023,3265.0,13.7,6.0240963855,2024,370076.56323616975,75672,5yr,4.890534983034276
06013,Contra Costa,5388.3071889,4.6407106229,2096.0,10.0,7.1582630368,2024,832397.3122246382,127221,1yr,6.542923827234797
06015,Del Norte,10703.710592,5.799220601,1451.0,22.5,6.6119938493,2024,365965.72247184237,67058,5yr,5.4574506020436395
06017,El Dorado,5834.34852,5.424733266,1883.0,6.5,6.6411935953,2024,658121.6527735331,109552,1yr,6.007390579574386
06019,Fresno,8530.0414211,5.1877773578,2779.0,25.1,7.4885634491,2024,401535.8328769417,75585,1yr,5.312374583276334
06021,Glenn,9264.6294119,5.6172924541,3808.0,19.2,5.6110684089,2024,344561.6986509967,67139,5yr,5.132064800652329
06023,Humboldt,9031.7556836,6.2382124278,1891.0,20.5,6.2359850507,2024,457141.63826854125,58124,1yr,7.864937689569563
06025,Imperial,8014.9290355,5.5468453497,2059.0,27.5,6.0454919156,2024,338856.3388356414,60749,1yr,5.577973939252356
06027,Inyo,10103.515076,5.3819687466,1083.0,13.5,8.2278481013,2024,504825.6956631344,73991,5yr,6.822798660149672
06029,Kern,10111.125659,5.4651475065,2700.0,23.6,7.5699689027,2024,355755.63615415426,71596,1yr,4.968931730182612
06031,Kings,7902.9785899,5.2491528659,2624.0,21.3,6.6135509781,2024,348467.2922588627,73954,1yr,4.711946510788635
06033,Lake,11808.001434,6.078908659,2027.0,22.8,7.1612265084,2024,319042.59613567014,51434,1yr,6.202951280002919
06035,Lassen,9558.3231561,5.6055252568,2813.0,17.0,8.3410138249,2024,230929.08305976595,67403,5yr,3.426095026330667
06037,Los Angeles,6316.7869393,5.0732126297,2462.0,18.1,7.3860238888,2024,883843.3018532455,90845,1yr,9.729135360815075
06039,Madera,8372.1682945,5.6527776612,2697.0,31.3,6.3761097659,2024,410164.2235843262,72125,1yr,5.686852320059982
06041,Marin,3856.2557198,4.4296695536,1124.0,8.1,5.5613577023,2024,1468813.3027340125,147017,1yr,9.990771834100903
06043,Mariposa,10003.502278,5.557167069,2473.0,21.3,6.9696969697,2024,408366.23513914744,68412,5yr,5.969219364134179
06045,Mendocino,9611.560939,5.6831664205,1594.0,22.6,6.8832173241,2024,512915.55655956065,69264,1yr,7.40522575305441
06047,Merced,8467.9057004,5.1780663445,3367.0,26.0,6.3746036374,2024,422226.49924258934,64980,1yr,6.497791616537232
06049,Modoc,11360.040952,5.8259006616,1726.0,28.0,8.4664536741,2024,181517.1281724486,59455,5yr,3.0530170409965285
06051,Mono,4788.6172678,5.2428090048,1360.0,10.6,8.3705357143,2024,735667.312917027,99415,5yr,7.3999629122066795
06053,Monterey,5768.4491181,5.25100633,2064.0,16.4,6.3471662671,2024,858383.460589957,93290,1yr,9.201237652373855
06055,Napa,4952.5360341,4.8897809003,1590.0,9.3,6.0318187021,2024,923095.2974796983,122754,1yr,7.519879576060237
06057,Nevada,7627.2351659,5.4920766761,1695.0,11.8,5.534591195,2024,618471.3946959309,103703,1yr,5.963871775126379
06059,Orange,4990.3320259,4.4722929492,1602.0,11.0,6.4586490718,2024,1138840.7836829196,115229,1yr,9.883282712536944
06061,Placer,4832.1502765,4.7669632455,1529.0,5.5,5.8234019502,2024,688685.6445920023,115442,1yr,5.965642007172453
06063,Plumas,9578.7594716,5.6680069927,1952.0,18.0,8.7301587302,2024,371289.27735493897,66031,5yr,5.6229540269712555
06065,Riverside,7346.2962135,4.8467662166,2175.0,13.3,7.0503373535,2024,615324.5412603603,93172,1yr,6.604178736748811
06067,Sacramento,7324.5677215,5.2860491697,2527.0,15.4,7.1046890796,2024,542603.3901870436,94087,1yr,5.767038912783313
06069,San Benito,6337.5515996,5.0407052604,1911.0,8.3,6.9294456443,2024,779922.5684344812,114011,1yr,6.840765964990055
06071,San Bernardino,8917.3502379,5.2230022834,2687.0,18.2,7.8009380939,2024,552890.4299383607,88294,1yr,6.261925271687326
06073,San Diego,5434.6817954,4.7613608082,1965.0,12.6,6.8068698593,2024,952456.3996922816,109132,1yr,8.727562948468659
06075,San Francisco,5367.6071775,4.822193014,2223.0,7.9,7.1024153753,2024,1278533.034617082,139801,1yr,9.145378320735059
06077,San Joaquin,8627.4972135,4.7322145453,2181.0,16.0,7.5542516933,2024,552752.7008750099,93038,1yr,5.941149862153205
06079,San Luis Obispo,5707.2871568,5.1029696469,1332.0,10.7,6.2042948346,2024,884224.9818009338,100724,1yr,8.778692087297307
06081,San Mateo,3815.7710556,4.1886069819,1468.0,7.2,6.7028570421,2024,1563923.4882991211,160733,1yr,9.729946484537221
06083,Santa Barbara,5775.0696386,5.0526608967,1413.0,16.1,6.8242291438,2024,975022.839082649,95637,1yr,10.195037894148175
06085,Santa Clara,3918.1052206,4.0048219016,1893.0,6.9,7.1601424466,2024,1642988.0977832265,168154,1yr,9.770734551561226
06087,Santa Cruz,5285.4233438,5.1651045615,1564.0,12.0,5.9932108159,2024,1143501.4847082507,107893,1yr,10.59847705326806
06089,Shasta,9990.4469881,5.5621119093,1915.0,15.8,6.7797877112,2024,372636.12137371884,71140,1yr,5.238067491899337
06091,Sierra,,5.4823096851,1644.0,13.6,10.055865922,2024,319464.0696222682,63355,5yr,5.042444473558017
06093,Siskiyou,11921.754914,6.0290288392,1274.0,17.7,8.3897158322,2024,289680.07618440513,59095,5yr,4.901938847354347
06095,Solano,6743.5489739,5.1666644165,2268.0,11.7,7.120786915,2024,595327.2375563547,94930,1yr,6.271223402047347
06097,Sonoma,5764.3617479,5.0536402825,1526.0,9.4,5.9033989267,2024,813719.9615501221,107274,1yr,7.585435068610494
06099,Stanislaus,8878.2963339,5.48706025,2950.0,18.5,6.5778501755,2024,465619.3052267852,78673,1yr,5.918412990820042
06101,Sutter,8068.6683223,5.4046154849,2913.0,18.0,6.9540555871,2024,439327.0863978953,82364,1yr,5.333969773176331
06103,Tehama,10873.844857,5.9900700499,2729.0,19.3,6.3226052181,2024,312945.47414780187,61309,1yr,5.10439697512277
06105,Trinity,15509.465353,6.1249206016,1598.0,24.4,6.357615894,2024,270116.85648995586,53002,5yr,5.096352146899284
06107,Tulare,8610.6089672,5.302862502,2324.0,24.3,7.1087092081,2024,348385.9593369124,69880,1yr,4.985488828519067
06109,Tuolumne,9065.9521454,5.6117043022,1774.0,15.1,6.5944568334,2024,400226.45672679646,77404,5yr,5.170617238473418
06111,Ventura,5245.6917429,4.8576733689,2007.0,12.5,6.2046374205,2024,886573.1146441662,114238,1yr,7.760754868293967
06113,Yolo,5138.8854246,5.0757259321,1809.0,14.5,6.0536138446,2024,630388.6561303529,88849,1yr,7.095056287975699
06115,Yuba,9598.6927266,5.6591643534,3939.0,19.0,6.7804818985,2024,426065.24912693846,80550,1yr,5.289450640930335
