FIPS,RegionName,year,median_home_value
06037,Los Angeles County,2016,501369.08806549973
06073,San Diego County,2016,519967.48065094417
06059,Orange County,2016,612052.1281151507
06065,Riverside County,2016,330119.8985670742
06071,San Bernardino County,2016,279483.5810143932
06085,Santa Clara County,2016,934320.8405239208
06001,Alameda County,2016,727366.1375710167
06067,Sacramento County,2016,319358.3414540367
06013,Contra Costa County,2016,544543.2690577001
06019,Fresno County,2016,219915.9345625059
06029,Kern County,2016,195143.7690394981
06075,San Francisco County,2016,1169092.1814874539
06111,Ventura County,2016,555862.3688685974
06077,San Joaquin County,2016,313668.00420710194
06081,San Mateo County,2016,1113401.509762809
06099,Stanislaus County,2016,259427.0110718013
06097,Sonoma County,2016,570703.8261132801
06107,Tulare County,2016,187924.35579118994
06095,Solano County,2016,371879.14740224445
06083,Santa Barbara County,2016,554716.7603827169
06053,Monterey County,2016,494514.40120564523
06061,Placer County,2016,435682.57082047657
06079,San Luis Obispo County,2016,519922.2849938103
06047,Merced County,2016,219854.87381839287
06087,Santa Cruz County,2016,711206.8804447656
06041,Marin County,2016,998023.1636375171
06007,Butte County,2016,259383.08824574927
06113,Yolo County,2016,395093.72201560746
06017,El Dorado County,2016,421631.96889048495
06089,Shasta County,2016,231327.34876228412
06025,Imperial County,2016,196279.9163021384
06039,Madera County,2016,216181.16124897226
06031,Kings County,2016,189851.76302612165
06055,Napa County,2016,618134.1287298354
06023,Humboldt County,2016,338747.12214317865
06057,Nevada County,2016,403134.948071495
06101,Sutter County,2016,241022.0294592194
06045,Mendocino County,2016,407509.5585849055
06115,Yuba County,2016,226296.4410289332
06033,Lake County,2016,204519.08001629505
06103,Tehama County,2016,186253.58891521042
06069,San Benito County,2016,536494.7431551674
06109,Tuolumne County,2016,286324.77030802524
06009,Calaveras County,2016,274860.94637772127
06093,Siskiyou County,2016,174013.20389339144
06005,Amador County,2016,283142.89372977486
06035,Lassen County,2016,146905.8553204362
06021,Glenn County,2016,201576.63984395462
06015,Del Norte County,2016,216599.53317034975
06011,Colusa County,2016,208697.3285680609
06063,Plumas County,2016,225199.93862576818
06027,Inyo County,2016,291722.4842721991
06043,Mariposa County,2016,275683.89472155465
06105,Trinity County,2016,225754.5246335269
06051,Mono County,2016,367499.3832640054
06049,Modoc County,2016,111496.19369235229
06091,Sierra County,2016,174645.3488608736
06003,Alpine County,2016,354178.3727216045
06037,Los Angeles County,2017,544805.4850212884
06073,San Diego County,2017,558221.7635615851
06059,Orange County,2017,665192.0982923089
06065,Riverside County,2017,349899.49559654325
06071,San Bernardino County,2017,307777.60860504524
06085,Santa Clara County,2017,963104.5423373488
06001,Alameda County,2017,776411.9067346147
06067,Sacramento County,2017,348812.8254290067
06013,Contra Costa County,2017,581602.9751360649
06019,Fresno County,2017,237390.1086430907
06029,Kern County,2017,204425.44381150565
06075,San Francisco County,2017,1203538.9472762507
06111,Ventura County,2017,587789.3617124966
06077,San Joaquin County,2017,345111.3748217079
06081,San Mateo County,2017,1181231.4368793992
06099,Stanislaus County,2017,282365.57196637924
06097,Sonoma County,2017,609031.2450122024
06107,Tulare County,2017,207594.29126609743
06095,Solano County,2017,404429.7599434464
06083,Santa Barbara County,2017,575674.0809884797
06053,Monterey County,2017,531637.3910764169
06061,Placer County,2017,464050.34762645635
06079,San Luis Obispo County,2017,573698.6113805766
06047,Merced County,2017,242921.9771318587
06087,Santa Cruz County,2017,759633.3443572557
06041,Marin County,2017,1043969.7866709552
06007,Butte County,2017,279283.84568602336
06113,Yolo County,2017,432274.25416015787
06017,El Dorado County,2017,452863.9282173354
06089,Shasta County,2017,245786.3789411144
06025,Imperial County,2017,208947.16769669703
06039,Madera County,2017,232489.54159886003
06031,Kings County,2017,208322.89455364726
06055,Napa County,2017,658990.235593277
06023,Humboldt County,2017,367940.43309445004
06057,Nevada County,2017,433749.51445688476
06101,Sutter County,2017,268522.1449348539
06045,Mendocino County,2017,444494.2098445994
06115,Yuba County,2017,251490.93635236632
06033,Lake County,2017,226303.40181317294
06103,Tehama County,2017,197984.50880476137
06069,San Benito County,2017,569055.4977005746
06109,Tuolumne County,2017,294233.13229163206
06009,Calaveras County,2017,296846.95001917885
06093,Siskiyou County,2017,185764.5631521585
06005,Amador County,2017,307631.280955333
06035,Lassen County,2017,160401.78486550823
06021,Glenn County,2017,218346.59251168187
06015,Del Norte County,2017,234723.46917237414
06011,Colusa County,2017,225670.01231137724
06063,Plumas County,2017,240083.77613067706
06027,Inyo County,2017,314898.5787147604
06043,Mariposa County,2017,295365.4738650275
06105,Trinity County,2017,246383.5228901547
06051,Mono County,2017,388517.86572850053
06049,Modoc County,2017,118761.74885828211
06091,Sierra County,2017,191933.8752676414
06003,Alpine County,2017,357583.22037708363
06037,Los Angeles County,2018,607645.7310096872
06073,San Diego County,2018,593281.6230137177
06059,Orange County,2018,717877.460247126
06065,Riverside County,2018,381693.66111715796
06071,San Bernardino County,2018,345069.22812876344
06085,Santa Clara County,2018,1188165.7101587004
06001,Alameda County,2018,866795.5120121376
06067,Sacramento County,2018,378297.88760884706
06013,Contra Costa County,2018,626623.5780092406
06019,Fresno County,2018,259415.6863706653
06029,Kern County,2018,217916.691954979
06075,San Francisco County,2018,1316706.5600855432
06111,Ventura County,2018,618417.8337427091
06077,San Joaquin County,2018,378227.43185838097
06081,San Mateo County,2018,1345782.9597976585
06099,Stanislaus County,2018,307818.45844125137
06097,Sonoma County,2018,668011.543300455
06107,Tulare County,2018,222390.4087829343
06095,Solano County,2018,440651.61164116923
06083,Santa Barbara County,2018,598191.7079702796
06053,Monterey County,2018,565416.8628135152
06061,Placer County,2018,493129.14034600835
06079,San Luis Obispo County,2018,605724.0257619842
06047,Merced County,2018,266639.23548048775
06087,Santa Cruz County,2018,820395.372989467
06041,Marin County,2018,1118395.868521859
06007,Butte County,2018,299454.1581760479
06113,Yolo County,2018,462989.7319745642
06017,El Dorado County,2018,484195.5013108345
06089,Shasta County,2018,261411.27169436825
06025,Imperial County,2018,220503.10366380203
06039,Madera County,2018,259640.35671321026
06031,Kings County,2018,222655.29467379034
06055,Napa County,2018,695032.033482064
06023,Humboldt County,2018,386052.740257078
06057,Nevada County,2018,468851.19897285645
06101,Sutter County,2018,293942.82952704054
06045,Mendocino County,2018,473742.69992298755
06115,Yuba County,2018,276465.94396211434
06033,Lake County,2018,249699.57961880998
06103,Tehama County,2018,214108.93626354946
06069,San Benito County,2018,594349.8312911581
06109,Tuolumne County,2018,310240.7836625315
06009,Calaveras County,2018,318612.29048713844
06093,Siskiyou County,2018,200632.55098992598
06005,Amador County,2018,333866.39145231975
06035,Lassen County,2018,175033.7380969918
06021,Glenn County,2018,236855.98574486142
06015,Del Norte County,2018,258178.17536528406
06011,Colusa County,2018,248417.4789927519
06063,Plumas County,2018,262879.338570808
06027,Inyo County,2018,348644.68108016957
06043,Mariposa County,2018,312445.2804220366
06105,Trinity County,2018,256898.00111289215
06051,Mono County,2018,445006.18564489746
06049,Modoc County,2018,126550.07201054924
06091,Sierra County,2018,216147.28158769142
06003,Alpine County,2018,371409.1192047736
06037,Los Angeles County,2019,629659.2755792065
06073,San Diego County,2019,603028.5245463356
06059,Orange County,2019,720220.6414054148
06065,Riverside County,2019,394332.6271260511
06071,San Bernardino County,2019,357801.077028552
06085,Santa Clara County,2019,1190625.4175825461
06001,Alameda County,2019,867158.4890483906
06067,Sacramento County,2019,390917.70740095177
06013,Contra Costa County,2019,637618.6486921633
06019,Fresno County,2019,273053.6046327558
06029,Kern County,2019,229770.91836628786
06075,San Francisco County,2019,1319208.5892248352
06111,Ventura County,2019,627209.2112014426
06077,San Joaquin County,2019,394918.636706421
06081,San Mateo County,2019,1339933.3660717774
06099,Stanislaus County,2019,323975.54441301915
06097,Sonoma County,2019,665596.2218719922
06107,Tulare County,2019,234468.3355245066
06095,Solano County,2019,454246.30180821713
06083,Santa Barbara County,2019,607442.1620690209
06053,Monterey County,2019,590585.7331811541
06061,Placer County,2019,510722.6645881475
06079,San Luis Obispo County,2019,614835.0090296178
06047,Merced County,2019,287825.9463367232
06087,Santa Cruz County,2019,820297.3660228606
06041,Marin County,2019,1119551.2337395581
06007,Butte County,2019,331320.6224805625
06113,Yolo County,2019,477569.31872595794
06017,El Dorado County,2019,498525.7434551409
06089,Shasta County,2019,276682.85869450984
06025,Imperial County,2019,235830.7655395718
06039,Madera County,2019,273986.727347657
06031,Kings County,2019,234108.94284641233
06055,Napa County,2019,714638.3466311726
06023,Humboldt County,2019,403469.80040583597
06057,Nevada County,2019,478657.39872739447
06101,Sutter County,2019,309157.2069474656
06045,Mendocino County,2019,496152.3052660351
06115,Yuba County,2019,294612.9937820961
06033,Lake County,2019,264076.18215285527
06103,Tehama County,2019,233419.26019547056
06069,San Benito County,2019,609834.4888042404
06109,Tuolumne County,2019,318846.6913434504
06009,Calaveras County,2019,332113.4703447329
06093,Siskiyou County,2019,214555.4878225463
06005,Amador County,2019,344431.77175839664
06035,Lassen County,2019,183800.82653360884
06021,Glenn County,2019,259062.61020954468
06015,Del Norte County,2019,267769.6101989523
06011,Colusa County,2019,268741.3950085298
06063,Plumas County,2019,277049.4810821091
06027,Inyo County,2019,366084.72113848774
06043,Mariposa County,2019,322106.82933513896
06105,Trinity County,2019,253865.32666904444
06051,Mono County,2019,480020.79482736666
06049,Modoc County,2019,132539.26815963312
06091,Sierra County,2019,229261.1225269471
06003,Alpine County,2019,383770.9265002096
06037,Los Angeles County,2020,664103.9050144218
06073,San Diego County,2020,635753.3187004031
06059,Orange County,2020,753483.3307515696
06065,Riverside County,2020,415195.1167355506
06071,San Bernardino County,2020,378939.7127587211
06085,Santa Clara County,2020,1207426.1340087235
06001,Alameda County,2020,885568.7623901521
06067,Sacramento County,2020,415982.2887967427
06013,Contra Costa County,2020,663783.2385571079
06019,Fresno County,2020,287370.641663529
06029,Kern County,2020,244827.19296349477
06075,San Francisco County,2020,1360402.1368562176
06111,Ventura County,2020,651680.7949950623
06077,San Joaquin County,2020,415160.1245205908
06081,San Mateo County,2020,1372452.8857134718
06099,Stanislaus County,2020,344282.1250642593
06097,Sonoma County,2020,674542.3088240682
06107,Tulare County,2020,248623.67447353931
06095,Solano County,2020,473462.4808608724
06083,Santa Barbara County,2020,634205.4344302717
06053,Monterey County,2020,625728.8586069475
06061,Placer County,2020,534581.4681394802
06079,San Luis Obispo County,2020,638595.9383434898
06047,Merced County,2020,304340.5399877015
06087,Santa Cruz County,2020,847123.9820972028
06041,Marin County,2020,1158051.9051266457
06007,Butte County,2020,349164.48128281813
06113,Yolo County,2020,495233.7951856235
06017,El Dorado County,2020,509075.5609822546
06089,Shasta County,2020,292891.2161866705
06025,Imperial County,2020,253153.0710157881
06039,Madera County,2020,291522.92925643077
06031,Kings County,2020,248460.31571986186
06055,Napa County,2020,735660.135538252
06023,Humboldt County,2020,416224.33114850585
06057,Nevada County,2020,493990.44900638727
06101,Sutter County,2020,332894.81607411045
06045,Mendocino County,2020,516300.6994577491
06115,Yuba County,2020,317800.1551232739
06033,Lake County,2020,274201.0870837627
06103,Tehama County,2020,255558.1054076881
06069,San Benito County,2020,635165.3951089641
06109,Tuolumne County,2020,318843.723650185
06009,Calaveras County,2020,342720.1660953625
06093,Siskiyou County,2020,224129.9428559188
06005,Amador County,2020,352374.56329503894
06035,Lassen County,2020,194611.2179080431
06021,Glenn County,2020,281623.2117388562
06015,Del Norte County,2020,289892.36773607816
06011,Colusa County,2020,285418.8918692314
06063,Plumas County,2020,288584.2540349836
06027,Inyo County,2020,385676.15788103687
06043,Mariposa County,2020,335693.33763050055
06105,Trinity County,2020,267634.5860778487
06051,Mono County,2020,511901.3189398734
06049,Modoc County,2020,134258.86323642175
06091,Sierra County,2020,243681.66070787454
06003,Alpine County,2020,396117.66840730543
06037,Los Angeles County,2021,757552.9305312386
06073,San Diego County,2021,747070.0464290367
06059,Orange County,2021,858388.3120309636
06065,Riverside County,2021,498912.6314360826
06071,San Bernardino County,2021,451322.74512687646
06085,Santa Clara County,2021,1373167.315875565
06001,Alameda County,2021,1031908.5768096712
06067,Sacramento County,2021,491343.5961501652
06013,Contra Costa County,2021,782100.4126853371
06019,Fresno County,2021,334751.5647166832
06029,Kern County,2021,285047.63421604346
06075,San Francisco County,2021,1403577.167060742
06111,Ventura County,2021,747540.6728819129
06077,San Joaquin County,2021,494912.63432638865
06081,San Mateo County,2021,1495454.0272049888
06099,Stanislaus County,2021,406849.9731645557
06097,Sonoma County,2021,742965.0645711125
06107,Tulare County,2021,290767.4289797821
06095,Solano County,2021,546047.4986850119
06083,Santa Barbara County,2021,746559.4780622305
06053,Monterey County,2021,730699.4997516765
06061,Placer County,2021,631941.2869931514
06079,San Luis Obispo County,2021,726059.9400022343
06047,Merced County,2021,359654.0841511024
06087,Santa Cruz County,2021,1010650.8562067194
06041,Marin County,2021,1348913.8404518839
06007,Butte County,2021,391196.6885698261
06113,Yolo County,2021,565591.4370104264
06017,El Dorado County,2021,610437.5529021561
06089,Shasta County,2021,340853.1792836729
06025,Imperial County,2021,280826.17341877636
06039,Madera County,2021,344348.5988503826
06031,Kings County,2021,288641.9686912753
06055,Napa County,2021,834244.8010113178
06023,Humboldt County,2021,451153.816814075
06057,Nevada County,2021,598212.1957941017
06101,Sutter County,2021,393241.6484217274
06045,Mendocino County,2021,582469.1207032778
06115,Yuba County,2021,376863.2438415044
06033,Lake County,2021,316600.6342935591
06103,Tehama County,2021,297250.6513236709
06069,San Benito County,2021,748269.6511098584
06109,Tuolumne County,2021,370313.441710491
06009,Calaveras County,2021,420541.0077503186
06093,Siskiyou County,2021,268043.06744057516
06005,Amador County,2021,408491.4265806049
06035,Lassen County,2021,224181.99750242685
06021,Glenn County,2021,320007.92970654316
06015,Del Norte County,2021,323778.34564553
06011,Colusa County,2021,327983.721738672
06063,Plumas County,2021,340887.73978581803
06027,Inyo County,2021,438563.9568397804
06043,Mariposa County,2021,398204.73842950835
06105,Trinity County,2021,307982.5146494557
06051,Mono County,2021,611385.3237156279
06049,Modoc County,2021,157376.03835781035
06091,Sierra County,2021,289154.69099843776
06003,Alpine County,2021,469662.65264835255
06037,Los Angeles County,2022,846369.0675194728
06073,San Diego County,2022,875379.4939771424
06059,Orange County,2022,1010240.2915100782
06065,Riverside County,2022,591211.1298940344
06071,San Bernardino County,2022,526060.6552214464
06085,Santa Clara County,2022,1570346.9023819685
06001,Alameda County,2022,1159465.8009252108
06067,Sacramento County,2022,555493.3932182369
06013,Contra Costa County,2022,863539.4990037851
06019,Fresno County,2022,385845.3847026722
06029,Kern County,2022,330572.2794698161
06075,San Francisco County,2022,1454592.9792239992
06111,Ventura County,2022,842218.614555195
06077,San Joaquin County,2022,560499.0420407547
06081,San Mateo County,2022,1640241.0440185806
06099,Stanislaus County,2022,458916.71899335453
06097,Sonoma County,2022,801012.1346509572
06107,Tulare County,2022,333245.67947875697
06095,Solano County,2022,606853.039047131
06083,Santa Barbara County,2022,894561.5188482977
06053,Monterey County,2022,822959.6849950211
06061,Placer County,2022,714657.0079587401
06079,San Luis Obispo County,2022,831474.8649752684
06047,Merced County,2022,417755.5182461945
06087,Santa Cruz County,2022,1164157.931784982
06041,Marin County,2022,1512270.2188273023
06007,Butte County,2022,423267.1242918626
06113,Yolo County,2022,635492.9524488911
06017,El Dorado County,2022,677513.9594679725
06089,Shasta County,2022,377653.8346452675
06025,Imperial County,2022,308285.693068825
06039,Madera County,2022,395331.3819010652
06031,Kings County,2022,327814.7274687771
06055,Napa County,2022,911461.4749932998
06023,Humboldt County,2022,493517.5444018249
06057,Nevada County,2022,655049.0990237388
06101,Sutter County,2022,442927.91330087767
06045,Mendocino County,2022,593648.0000107421
06115,Yuba County,2022,425276.7846419968
06033,Lake County,2022,347079.6910466805
06103,Tehama County,2022,326254.16150028066
06069,San Benito County,2022,828036.4344592855
06109,Tuolumne County,2022,417330.148034123
06009,Calaveras County,2022,471525.5426230692
06093,Siskiyou County,2022,298835.0362551973
06005,Amador County,2022,448810.329632232
06035,Lassen County,2022,234176.17032063997
06021,Glenn County,2022,352522.73975046555
06015,Del Norte County,2022,358599.46802253596
06011,Colusa County,2022,360793.1624365722
06063,Plumas County,2022,380215.876407848
06027,Inyo County,2022,491008.10407292144
06043,Mariposa County,2022,430375.42797866394
06105,Trinity County,2022,319117.46636192076
06051,Mono County,2022,749541.8166728077
06049,Modoc County,2022,175042.91291386914
06091,Sierra County,2022,327513.19981865084
06003,Alpine County,2022,530400.6189320782
06037,Los Angeles County,2023,839262.8242648492
06073,San Diego County,2023,879522.5192792728
06059,Orange County,2023,1029539.2740139868
06065,Riverside County,2023,587355.8369976378
06071,San Bernardino County,2023,525981.6836914874
06085,Santa Clara County,2023,1500361.1599278038
06001,Alameda County,2023,1088702.2519507075
06067,Sacramento County,2023,526863.5261504258
06013,Contra Costa County,2023,814617.9125504975
06019,Fresno County,2023,384809.94072230783
06029,Kern County,2023,336623.2529590488
06075,San Francisco County,2023,1289092.270607995
06111,Ventura County,2023,837938.2656260297
06077,San Joaquin County,2023,537534.459100264
06081,San Mateo County,2023,1521740.6148138558
06099,Stanislaus County,2023,445870.7406041557
06097,Sonoma County,2023,797939.2385000164
06107,Tulare County,2023,335487.87703984935
06095,Solano County,2023,582370.7721569316
06083,Santa Barbara County,2023,914106.4050577396
06053,Monterey County,2023,818951.1356192688
06061,Placer County,2023,675057.5925276192
06079,San Luis Obispo County,2023,847281.3250262284
06047,Merced County,2023,404592.3556694559
06087,Santa Cruz County,2023,1117361.2568690607
06041,Marin County,2023,1432541.0113930888
06007,Butte County,2023,402223.9234913665
06113,Yolo County,2023,615632.1067207794
06017,El Dorado County,2023,645630.8213951439
06089,Shasta County,2023,368745.2615855278
06025,Imperial County,2023,318632.2045499279
06039,Madera County,2023,394368.98331912624
06031,Kings County,2023,332610.08520207275
06055,Napa County,2023,907331.9802718181
06023,Humboldt County,2023,475628.74638797337
06057,Nevada County,2023,618168.432677798
06101,Sutter County,2023,427349.57747504395
06045,Mendocino County,2023,537992.9093305166
06115,Yuba County,2023,412375.191777786
06033,Lake County,2023,327378.02984679944
06103,Tehama County,2023,311043.0468681249
06069,San Benito County,2023,774640.1854655389
06109,Tuolumne County,2023,403956.73802472936
06009,Calaveras County,2023,450472.35927859176
06093,Siskiyou County,2023,293387.23638400325
06005,Amador County,2023,431375.33420208475
06035,Lassen County,2023,234107.14034046783
06021,Glenn County,2023,339653.74561709
06015,Del Norte County,2023,357752.5910630712
06011,Colusa County,2023,358269.1206731801
06063,Plumas County,2023,372459.69308542594
06027,Inyo County,2023,500492.7630302496
06043,Mariposa County,2023,413637.5621374931
06105,Trinity County,2023,293130.79246634553
06051,Mono County,2023,732812.9143570921
06049,Modoc County,2023,178761.37474717633
06091,Sierra County,2023,319502.9748883162
06003,Alpine County,2023,515610.0733264697
06037,Los Angeles County,2024,883843.3018532455
06073,San Diego County,2024,952456.3996922816
06059,Orange County,2024,1138840.7836829196
06065,Riverside County,2024,615324.5412603603
06071,San Bernardino County,2024,552890.4299383607
06085,Santa Clara County,2024,1642988.0977832265
06001,Alameda County,2024,1143815.8451447492
06067,Sacramento County,2024,542603.3901870436
06013,Contra Costa County,2024,832397.3122246382
06019,Fresno County,2024,401535.8328769417
06029,Kern County,2024,355755.63615415426
06075,San Francisco County,2024,1278533.034617082
06111,Ventura County,2024,886573.1146441662
06077,San Joaquin County,2024,552752.7008750099
06081,San Mateo County,2024,1563923.4882991211
06099,Stanislaus County,2024,465619.3052267852
06097,Sonoma County,2024,813719.9615501221
06107,Tulare County,2024,348385.9593369124
06095,Solano County,2024,595327.2375563547
06083,Santa Barbara County,2024,975022.839082649
06053,Monterey County,2024,858383.460589957
06061,Placer County,2024,688685.6445920023
06079,San Luis Obispo County,2024,884224.9818009338
06047,Merced County,2024,422226.49924258934
06087,Santa Cruz County,2024,1143501.4847082507
06041,Marin County,2024,1468813.3027340125
06007,Butte County,2024,398028.1874921928
06113,Yolo County,2024,630388.6561303529
06017,El Dorado County,2024,658121.6527735331
06089,Shasta County,2024,372636.12137371884
06025,Imperial County,2024,338856.3388356414
06039,Madera County,2024,410164.2235843262
06031,Kings County,2024,348467.2922588627
06055,Napa County,2024,923095.2974796983
06023,Humboldt County,2024,457141.63826854125
06057,Nevada County,2024,618471.3946959309
06101,Sutter County,2024,439327.0863978953
06045,Mendocino County,2024,512915.55655956065
06115,Yuba County,2024,426065.24912693846
06033,Lake County,2024,319042.59613567014
06103,Tehama County,2024,312945.47414780187
06069,San Benito County,2024,779922.5684344812
06109,Tuolumne County,2024,400226.45672679646
06009,Calaveras County,2024,451594.0667942665
06093,Siskiyou County,2024,289680.07618440513
06005,Amador County,2024,432739.62731176574
06035,Lassen County,2024,230929.08305976595
06021,Glenn County,2024,344561.6986509967
06015,Del Norte County,2024,365965.72247184237
06011,Colusa County,2024,370076.56323616975
06063,Plumas County,2024,371289.27735493897
06027,Inyo County,2024,504825.6956631344
06043,Mariposa County,2024,408366.23513914744
06105,Trinity County,2024,270116.85648995586
06051,Mono County,2024,735667.312917027
06049,Modoc County,2024,181517.1281724486
06091,Sierra County,2024,319464.0696222682
06003,Alpine County,2024,509959.94981922273
